"lhs","op","rhs","est","se","z","model","time","effect_type","effect","estRef","Bias","RelBiasPercent","Scenario","ScenarioSubtitle","effect_parsed","model_lab","Scenario_plain"
"Y2","~","X1",0.0999999999014133,0.0481663782556375,2.07613699686272,"model_covariates",2,"cross","X[t-1] -> Y[t]",0.0999999999014133,0,0,"Scenario~0","No~Confounding","X[t-1] %->% Y[t]","True Model","Scenario 0"
"Y2","~","X1",0.0999999999669751,0.0481663785861809,2.07613698397632,"model_clpm",2,"cross","X[t-1] -> Y[t]",0.0999999999014133,6.55617782285844e-11,6.55617782932196e-08,"Scenario~0","No~Confounding","X[t-1] %->% Y[t]","CLPM","Scenario 0"
"Y2","~","X1",0.0999999999653008,0.0481663785848612,2.07613698399844,"model_clpm_lag2",2,"cross","X[t-1] -> Y[t]",0.0999999999014133,6.38874925185107e-11,6.38874925814952e-08,"Scenario~0","No~Confounding","X[t-1] %->% Y[t]","CLPM lag 2","Scenario 0"
"Y2","~","X1",0.10000000321047,0.0557542478451679,1.79358536928298,"model_dpm",2,"cross","X[t-1] -> Y[t]",0.0999999999014133,3.30905701451112e-09,3.30905701777341e-06,"Scenario~0","No~Confounding","X[t-1] %->% Y[t]","DPM","Scenario 0"
"Y2","~","X1",0.0981203429637234,NA,NA,"model_dpm_free",2,"cross","X[t-1] -> Y[t]",0.0999999999014133,-0.00187965693768993,-1.87965693954302,"Scenario~0","No~Confounding","X[t-1] %->% Y[t]","DPM-free","Scenario 0"
"Y2","~","X1",0.0999999928441868,0.0507778151636855,1.96936383579779,"model_riclpm",2,"cross","X[t-1] -> Y[t]",0.0999999999014133,-7.05722648375318e-09,-7.05722649071066e-06,"Scenario~0","No~Confounding","X[t-1] %->% Y[t]","RICLPM","Scenario 0"
"Y2","~","X1",-0.0371952748177733,NA,NA,"model_riclpm_free",2,"cross","X[t-1] -> Y[t]",0.0999999999014133,-0.137195274719187,-137.195274854443,"Scenario~0","No~Confounding","X[t-1] %->% Y[t]","RICLPM-free","Scenario 0"
"Y3","~","X2",0.100000000106352,0.0481663781138801,2.07613700722777,"model_covariates",3,"cross","X[t-1] -> Y[t]",0.100000000106352,0,0,"Scenario~0","No~Confounding","X[t-1] %->% Y[t]","True Model","Scenario 0"
"Y3","~","X2",0.100000000039839,0.0481663785884233,2.07613698539243,"model_clpm",3,"cross","X[t-1] -> Y[t]",0.100000000106352,-6.65130034382955e-11,-6.65130033675572e-08,"Scenario~0","No~Confounding","X[t-1] %->% Y[t]","CLPM","Scenario 0"
"Y3","~","X2",0.100000002029194,0.0489142428779196,2.04439435521417,"model_clpm_lag2",3,"cross","X[t-1] -> Y[t]",0.100000000106352,1.92284128897047e-09,1.92284128692548e-06,"Scenario~0","No~Confounding","X[t-1] %->% Y[t]","CLPM lag 2","Scenario 0"
"Y3","~","X2",0.0999999911364823,0.0541484263485801,1.84677557373012,"model_dpm",3,"cross","X[t-1] -> Y[t]",0.100000000106352,-8.96987019383122e-09,-8.96987018429154e-06,"Scenario~0","No~Confounding","X[t-1] %->% Y[t]","DPM","Scenario 0"
"Y3","~","X2",0.11319086786657,NA,NA,"model_dpm_free",3,"cross","X[t-1] -> Y[t]",0.100000000106352,0.0131908677602171,13.1908677461882,"Scenario~0","No~Confounding","X[t-1] %->% Y[t]","DPM-free","Scenario 0"
"Y3","~","X2",0.0999999937225403,0.0507778152470712,1.96936384986174,"model_riclpm",3,"cross","X[t-1] -> Y[t]",0.100000000106352,-6.38381214557171e-09,-6.38381213878237e-06,"Scenario~0","No~Confounding","X[t-1] %->% Y[t]","RICLPM","Scenario 0"
"Y3","~","X2",0.17727220805948,NA,NA,"model_riclpm_free",3,"cross","X[t-1] -> Y[t]",0.100000000106352,0.077272207953127,77.2722078709461,"Scenario~0","No~Confounding","X[t-1] %->% Y[t]","RICLPM-free","Scenario 0"
"Y4","~","X3",0.0999999999887014,0.0481663781891524,2.07613700154068,"model_covariates",4,"cross","X[t-1] -> Y[t]",0.0999999999887014,0,0,"Scenario~0","No~Confounding","X[t-1] %->% Y[t]","True Model","Scenario 0"
"Y4","~","X3",0.0999999999756099,0.0481663786222316,2.07613698260168,"model_clpm",4,"cross","X[t-1] -> Y[t]",0.0999999999887014,-1.30915417395627e-11,-1.30915417410419e-08,"Scenario~0","No~Confounding","X[t-1] %->% Y[t]","CLPM","Scenario 0"
"Y4","~","X3",0.0999999986822016,0.0489142429368216,2.04439428432662,"model_clpm_lag2",4,"cross","X[t-1] -> Y[t]",0.0999999999887014,-1.30649978336006e-09,-1.30649978350768e-06,"Scenario~0","No~Confounding","X[t-1] %->% Y[t]","CLPM lag 2","Scenario 0"
"Y4","~","X3",0.0999999886040871,0.055530963268124,1.80079693775976,"model_dpm",4,"cross","X[t-1] -> Y[t]",0.0999999999887014,-1.1384614292953e-08,-1.13846142942393e-05,"Scenario~0","No~Confounding","X[t-1] %->% Y[t]","DPM","Scenario 0"
"Y4","~","X3",0.100000013938575,NA,NA,"model_dpm_free",4,"cross","X[t-1] -> Y[t]",0.0999999999887014,1.39498740059363e-08,1.39498740075124e-05,"Scenario~0","No~Confounding","X[t-1] %->% Y[t]","DPM-free","Scenario 0"
"Y4","~","X3",0.0999999999575535,0.0507778152249298,1.96936397351058,"model_riclpm",4,"cross","X[t-1] -> Y[t]",0.0999999999887014,-3.11479453340979e-11,-3.11479453376172e-08,"Scenario~0","No~Confounding","X[t-1] %->% Y[t]","RICLPM","Scenario 0"
"Y4","~","X3",0.0999999930501859,NA,NA,"model_riclpm_free",4,"cross","X[t-1] -> Y[t]",0.0999999999887014,-6.93851551214486e-09,-6.93851551292881e-06,"Scenario~0","No~Confounding","X[t-1] %->% Y[t]","RICLPM-free","Scenario 0"
"Y5","~","X4",0.0999999999268488,0.0481663784088167,2.07613699078825,"model_covariates",5,"cross","X[t-1] -> Y[t]",0.0999999999268488,0,0,"Scenario~0","No~Confounding","X[t-1] %->% Y[t]","True Model","Scenario 0"
"Y5","~","X4",0.100000000006433,0.0481663786511044,2.07613698199709,"model_clpm",5,"cross","X[t-1] -> Y[t]",0.0999999999268488,7.95839921741148e-11,7.95839922323315e-08,"Scenario~0","No~Confounding","X[t-1] %->% Y[t]","CLPM","Scenario 0"
"Y5","~","X4",0.0999999994527423,0.0489142429545949,2.04439429933666,"model_clpm_lag2",5,"cross","X[t-1] -> Y[t]",0.0999999999268488,-4.74106448544731e-10,-4.74106448891546e-07,"Scenario~0","No~Confounding","X[t-1] %->% Y[t]","CLPM lag 2","Scenario 0"
"Y5","~","X4",0.099999988564395,0.0557222924756699,1.79461368370761,"model_dpm",5,"cross","X[t-1] -> Y[t]",0.0999999999268488,-1.13624538111701e-08,-1.13624538194818e-05,"Scenario~0","No~Confounding","X[t-1] %->% Y[t]","DPM","Scenario 0"
"Y5","~","X4",0.100000006320336,NA,NA,"model_dpm_free",5,"cross","X[t-1] -> Y[t]",0.0999999999268488,6.39348739228662e-09,6.39348739696354e-06,"Scenario~0","No~Confounding","X[t-1] %->% Y[t]","DPM-free","Scenario 0"
"Y5","~","X4",0.099999996927466,0.0507778141803198,1.96936395435122,"model_riclpm",5,"cross","X[t-1] -> Y[t]",0.0999999999268488,-2.99938274217482e-09,-2.9993827443689e-06,"Scenario~0","No~Confounding","X[t-1] %->% Y[t]","RICLPM","Scenario 0"
"Y5","~","X4",0.100000000707038,NA,NA,"model_riclpm_free",5,"cross","X[t-1] -> Y[t]",0.0999999999268488,7.80189052251856e-10,7.80189052822574e-07,"Scenario~0","No~Confounding","X[t-1] %->% Y[t]","RICLPM-free","Scenario 0"
"Y2","~","X1",0.099999999998288,0.0438252537211775,2.2817894138047,"model_covariates",2,"cross","X[t-1] -> Y[t]",0.099999999998288,0,0,"Scenario~1","Stable~Confounder~Effects","X[t-1] %->% Y[t]","True Model","Scenario 1"
"Y2","~","X1",0.0705468339093442,0.0395727297867382,1.78271335562466,"model_clpm",2,"cross","X[t-1] -> Y[t]",0.099999999998288,-0.0294531660889438,-29.4531660894481,"Scenario~1","Stable~Confounder~Effects","X[t-1] %->% Y[t]","CLPM","Scenario 1"
"Y2","~","X1",0.0705468339088644,0.0395727303686336,1.78271332939871,"model_clpm_lag2",2,"cross","X[t-1] -> Y[t]",0.099999999998288,-0.0294531660894236,-29.4531660899278,"Scenario~1","Stable~Confounder~Effects","X[t-1] %->% Y[t]","CLPM lag 2","Scenario 1"
"Y2","~","X1",0.0999999994289114,0.0432682727974148,2.31116226656698,"model_dpm",2,"cross","X[t-1] -> Y[t]",0.099999999998288,-5.69376643055897e-10,-5.69376643065644e-07,"Scenario~1","Stable~Confounder~Effects","X[t-1] %->% Y[t]","DPM","Scenario 1"
"Y2","~","X1",0.100000032794572,0.0453834365982765,2.20344778381921,"model_dpm_free",2,"cross","X[t-1] -> Y[t]",0.099999999998288,3.27962839385965e-08,3.27962839391579e-05,"Scenario~1","Stable~Confounder~Effects","X[t-1] %->% Y[t]","DPM-free","Scenario 1"
"Y2","~","X1",0.0999999944131895,0.0548258173015537,1.82395811562951,"model_riclpm",2,"cross","X[t-1] -> Y[t]",0.099999999998288,-5.58509848092026e-09,-5.58509848101587e-06,"Scenario~1","Stable~Confounder~Effects","X[t-1] %->% Y[t]","RICLPM","Scenario 1"
"Y2","~","X1",0.0999999944641486,0.0577791999499462,1.73072653395648,"model_riclpm_free",2,"cross","X[t-1] -> Y[t]",0.099999999998288,-5.53413941062342e-09,-5.53413941071816e-06,"Scenario~1","Stable~Confounder~Effects","X[t-1] %->% Y[t]","RICLPM-free","Scenario 1"
"Y3","~","X2",0.100000000006135,0.0438252536795039,2.28178941615352,"model_covariates",3,"cross","X[t-1] -> Y[t]",0.100000000006135,0,0,"Scenario~1","Stable~Confounder~Effects","X[t-1] %->% Y[t]","True Model","Scenario 1"
"Y3","~","X2",0.0705468339091522,0.0395727298423385,1.78271335311507,"model_clpm",3,"cross","X[t-1] -> Y[t]",0.100000000006135,-0.0294531660969828,-29.4531660951758,"Scenario~1","Stable~Confounder~Effects","X[t-1] %->% Y[t]","CLPM","Scenario 1"
"Y3","~","X2",0.0970222056455162,0.043217604713201,2.24496952779709,"model_clpm_lag2",3,"cross","X[t-1] -> Y[t]",0.100000000006135,-0.00297779436061874,-2.97779436043605,"Scenario~1","Stable~Confounder~Effects","X[t-1] %->% Y[t]","CLPM lag 2","Scenario 1"
"Y3","~","X2",0.100000002197859,0.0452210322150405,2.21136045109113,"model_dpm",3,"cross","X[t-1] -> Y[t]",0.100000000006135,2.19172377469157e-09,2.19172377455711e-06,"Scenario~1","Stable~Confounder~Effects","X[t-1] %->% Y[t]","DPM","Scenario 1"
"Y3","~","X2",0.0999999905735232,0.0481468507351111,2.07697884797682,"model_dpm_free",3,"cross","X[t-1] -> Y[t]",0.100000000006135,-9.43261178887322e-09,-9.43261178829454e-06,"Scenario~1","Stable~Confounder~Effects","X[t-1] %->% Y[t]","DPM-free","Scenario 1"
"Y3","~","X2",0.0999999836088626,0.0557692801444403,1.79310156684588,"model_riclpm",3,"cross","X[t-1] -> Y[t]",0.100000000006135,-1.63972723454808e-08,-1.63972723444749e-05,"Scenario~1","Stable~Confounder~Effects","X[t-1] %->% Y[t]","RICLPM","Scenario 1"
"Y3","~","X2",0.10000003255324,0.0584901569538428,1.70968993350718,"model_riclpm_free",3,"cross","X[t-1] -> Y[t]",0.100000000006135,3.25471048445714e-08,3.25471048425746e-05,"Scenario~1","Stable~Confounder~Effects","X[t-1] %->% Y[t]","RICLPM-free","Scenario 1"
"Y4","~","X3",0.100000000010459,0.0438252536927408,2.28178941556298,"model_covariates",4,"cross","X[t-1] -> Y[t]",0.100000000010459,0,0,"Scenario~1","Stable~Confounder~Effects","X[t-1] %->% Y[t]","True Model","Scenario 1"
"Y4","~","X3",0.0705468339084063,0.0395727298498374,1.78271335275841,"model_clpm",4,"cross","X[t-1] -> Y[t]",0.100000000010459,-0.0294531661020522,-29.4531660989718,"Scenario~1","Stable~Confounder~Effects","X[t-1] %->% Y[t]","CLPM","Scenario 1"
"Y4","~","X3",0.0970222056409409,0.0432176055654307,2.24496948342154,"model_clpm_lag2",4,"cross","X[t-1] -> Y[t]",0.100000000010459,-0.00297779436951758,-2.97779436920614,"Scenario~1","Stable~Confounder~Effects","X[t-1] %->% Y[t]","CLPM lag 2","Scenario 1"
"Y4","~","X3",0.0999999968471395,0.0459743468983287,2.17512599076801,"model_dpm",4,"cross","X[t-1] -> Y[t]",0.100000000010459,-3.16331900951372e-09,-3.16331900918289e-06,"Scenario~1","Stable~Confounder~Effects","X[t-1] %->% Y[t]","DPM","Scenario 1"
"Y4","~","X3",0.0999999912249626,0.0479136544303535,2.08708754140891,"model_dpm_free",4,"cross","X[t-1] -> Y[t]",0.100000000010459,-8.78549594185429e-09,-8.78549594093546e-06,"Scenario~1","Stable~Confounder~Effects","X[t-1] %->% Y[t]","DPM-free","Scenario 1"
"Y4","~","X3",0.0999999866166027,0.0556974178579306,1.79541512807068,"model_riclpm",4,"cross","X[t-1] -> Y[t]",0.100000000010459,-1.33938557883573e-08,-1.33938557869565e-05,"Scenario~1","Stable~Confounder~Effects","X[t-1] %->% Y[t]","RICLPM","Scenario 1"
"Y4","~","X3",0.100000027138505,0.0574894718520453,1.73944939685417,"model_riclpm_free",4,"cross","X[t-1] -> Y[t]",0.100000000010459,2.71280467534218e-08,2.71280467505847e-05,"Scenario~1","Stable~Confounder~Effects","X[t-1] %->% Y[t]","RICLPM-free","Scenario 1"
"Y5","~","X4",0.100000000002459,0.0438252536712059,2.28178941650167,"model_covariates",5,"cross","X[t-1] -> Y[t]",0.100000000002459,0,0,"Scenario~1","Stable~Confounder~Effects","X[t-1] %->% Y[t]","True Model","Scenario 1"
"Y5","~","X4",0.0705468339087256,0.0395727298527908,1.78271335263343,"model_clpm",5,"cross","X[t-1] -> Y[t]",0.100000000002459,-0.0294531660937333,-29.453166093009,"Scenario~1","Stable~Confounder~Effects","X[t-1] %->% Y[t]","CLPM","Scenario 1"
"Y5","~","X4",0.0970222056508135,0.0432176055516787,2.24496948436434,"model_clpm_lag2",5,"cross","X[t-1] -> Y[t]",0.100000000002459,-0.00297779435164534,-2.97779435157212,"Scenario~1","Stable~Confounder~Effects","X[t-1] %->% Y[t]","CLPM lag 2","Scenario 1"
"Y5","~","X4",0.0999999886578557,0.0457905352340694,2.18385716931854,"model_dpm",5,"cross","X[t-1] -> Y[t]",0.100000000002459,-1.13446032012909e-08,-1.1344603201012e-05,"Scenario~1","Stable~Confounder~Effects","X[t-1] %->% Y[t]","DPM","Scenario 1"
"Y5","~","X4",0.100000002407505,0.0496399069353219,2.01450825719313,"model_dpm_free",5,"cross","X[t-1] -> Y[t]",0.100000000002459,2.4050458291569e-09,2.40504582909777e-06,"Scenario~1","Stable~Confounder~Effects","X[t-1] %->% Y[t]","DPM-free","Scenario 1"
"Y5","~","X4",0.0999999955851258,0.0545215476937215,1.83413714054639,"model_riclpm",5,"cross","X[t-1] -> Y[t]",0.100000000002459,-4.41733305489578e-09,-4.41733305478716e-06,"Scenario~1","Stable~Confounder~Effects","X[t-1] %->% Y[t]","RICLPM","Scenario 1"
"Y5","~","X4",0.100000006794899,0.0570510995580584,1.75281471469509,"model_riclpm_free",5,"cross","X[t-1] -> Y[t]",0.100000000002459,6.79244048507055e-09,6.79244048490353e-06,"Scenario~1","Stable~Confounder~Effects","X[t-1] %->% Y[t]","RICLPM-free","Scenario 1"
"Y2","~","X1",0.100000000007246,0.0438252524003425,2.28178948277921,"model_covariates",2,"cross","X[t-1] -> Y[t]",0.100000000007246,0,0,"Scenario~2","Step","X[t-1] %->% Y[t]","True Model","Scenario 2"
"Y2","~","X1",0.070546833908868,0.0395727231939246,1.78271365261258,"model_clpm",2,"cross","X[t-1] -> Y[t]",0.100000000007246,-0.029453166098378,-29.4531660962438,"Scenario~2","Step","X[t-1] %->% Y[t]","CLPM","Scenario 2"
"Y2","~","X1",0.0705468339088668,0.0395727354812791,1.78271309907906,"model_clpm_lag2",2,"cross","X[t-1] -> Y[t]",0.100000000007246,-0.0294531660983793,-29.4531660962451,"Scenario~2","Step","X[t-1] %->% Y[t]","CLPM lag 2","Scenario 2"
"Y2","~","X1",0.0783320942932651,0.0476636783511065,1.64343367954619,"model_dpm",2,"cross","X[t-1] -> Y[t]",0.100000000007246,-0.0216679057139809,-21.6679057124109,"Scenario~2","Step","X[t-1] %->% Y[t]","DPM","Scenario 2"
"Y2","~","X1",0.100000005581796,0.0816129322985639,1.22529607459718,"model_dpm_free",2,"cross","X[t-1] -> Y[t]",0.100000000007246,5.57454989114081e-09,5.57454989073688e-06,"Scenario~2","Step","X[t-1] %->% Y[t]","DPM-free","Scenario 2"
"Y2","~","X1",0.0135436634228683,0.0617330317316883,0.219390868113095,"model_riclpm",2,"cross","X[t-1] -> Y[t]",0.100000000007246,-0.0864563365843777,-86.456336578113,"Scenario~2","Step","X[t-1] %->% Y[t]","RICLPM","Scenario 2"
"Y2","~","X1",0.0654983046425612,0.0588560664386293,1.11285562569592,"model_riclpm_free",2,"cross","X[t-1] -> Y[t]",0.100000000007246,-0.0345016953646849,-34.5016953621849,"Scenario~2","Step","X[t-1] %->% Y[t]","RICLPM-free","Scenario 2"
"Y3","~","X2",0.0999999991287659,0.0521861086357499,1.91621873603853,"model_covariates",3,"cross","X[t-1] -> Y[t]",0.0999999991287659,0,0,"Scenario~2","Step","X[t-1] %->% Y[t]","True Model","Scenario 2"
"Y3","~","X2",0.0823281003453198,0.0438368786597964,1.87805571159026,"model_clpm",3,"cross","X[t-1] -> Y[t]",0.0999999991287659,-0.0176718987834461,-17.6718989374097,"Scenario~2","Step","X[t-1] %->% Y[t]","CLPM","Scenario 2"
"Y3","~","X2",0.0982133233900832,0.0484401811225381,2.02751767466837,"model_clpm_lag2",3,"cross","X[t-1] -> Y[t]",0.0999999991287659,-0.00178667573868266,-1.78667575424879,"Scenario~2","Step","X[t-1] %->% Y[t]","CLPM lag 2","Scenario 2"
"Y3","~","X2",0.0713995390801818,0.05100470384396,1.39986184997008,"model_dpm",3,"cross","X[t-1] -> Y[t]",0.0999999991287659,-0.0286004600485841,-28.6004602977611,"Scenario~2","Step","X[t-1] %->% Y[t]","DPM","Scenario 2"
"Y3","~","X2",0.100000007360206,0.0627551834048082,1.59349398622815,"model_dpm_free",3,"cross","X[t-1] -> Y[t]",0.0999999991287659,8.23144050143831e-09,8.23144057315343e-06,"Scenario~2","Step","X[t-1] %->% Y[t]","DPM-free","Scenario 2"
"Y3","~","X2",0.0604440747380759,0.0677268311754216,0.892468666982479,"model_riclpm",3,"cross","X[t-1] -> Y[t]",0.0999999991287659,-0.03955592439069,-39.5559247353147,"Scenario~2","Step","X[t-1] %->% Y[t]","RICLPM","Scenario 2"
"Y3","~","X2",0.0925494035548825,0.0618066459959212,1.49740213311349,"model_riclpm_free",3,"cross","X[t-1] -> Y[t]",0.0999999991287659,-0.0074505955738834,-7.45059563879553,"Scenario~2","Step","X[t-1] %->% Y[t]","RICLPM-free","Scenario 2"
"Y4","~","X3",0.100000018419837,0.0648064872789384,1.5430556819014,"model_covariates",4,"cross","X[t-1] -> Y[t]",0.100000018419837,0,0,"Scenario~2","Step","X[t-1] %->% Y[t]","True Model","Scenario 2"
"Y4","~","X3",0.136349156385768,0.0449457826211683,3.03363627094906,"model_clpm",4,"cross","X[t-1] -> Y[t]",0.100000018419837,0.0363491379659313,36.3491312704806,"Scenario~2","Step","X[t-1] %->% Y[t]","CLPM","Scenario 2"
"Y4","~","X3",0.145406889689289,0.0521609217172142,2.78765951410138,"model_clpm_lag2",4,"cross","X[t-1] -> Y[t]",0.100000018419837,0.0454068712694523,45.4068629055822,"Scenario~2","Step","X[t-1] %->% Y[t]","CLPM lag 2","Scenario 2"
"Y4","~","X3",0.0833749376620701,0.0554966138813857,1.50234278870184,"model_dpm",4,"cross","X[t-1] -> Y[t]",0.100000018419837,-0.0166250807577668,-16.6250776954546,"Scenario~2","Step","X[t-1] %->% Y[t]","DPM","Scenario 2"
"Y4","~","X3",0.0999999881046355,0.0658675518420566,1.51819803997611,"model_dpm_free",4,"cross","X[t-1] -> Y[t]",0.100000018419837,-3.03152013769736e-08,-3.0315195792964e-05,"Scenario~2","Step","X[t-1] %->% Y[t]","DPM-free","Scenario 2"
"Y4","~","X3",0.131802867759069,0.0744001949340336,1.77153927991628,"model_riclpm",4,"cross","X[t-1] -> Y[t]",0.100000018419837,0.0318028493392322,31.8028434812003,"Scenario~2","Step","X[t-1] %->% Y[t]","RICLPM","Scenario 2"
"Y4","~","X3",0.110108766107656,0.0987112590197615,1.11546309105036,"model_riclpm_free",4,"cross","X[t-1] -> Y[t]",0.100000018419837,0.0101087476878192,10.1087458258047,"Scenario~2","Step","X[t-1] %->% Y[t]","RICLPM-free","Scenario 2"
"Y5","~","X4",0.0999999884100574,0.0691695779520261,1.4457221132593,"model_covariates",5,"cross","X[t-1] -> Y[t]",0.0999999884100574,0,0,"Scenario~2","Step","X[t-1] %->% Y[t]","True Model","Scenario 2"
"Y5","~","X4",0.149022222660069,0.0451990970843492,3.29701769002086,"model_clpm",5,"cross","X[t-1] -> Y[t]",0.0999999884100574,0.049022234250012,49.0222399316615,"Scenario~2","Step","X[t-1] %->% Y[t]","CLPM","Scenario 2"
"Y5","~","X4",0.144561181458597,0.059078236323578,2.44694477111368,"model_clpm_lag2",5,"cross","X[t-1] -> Y[t]",0.0999999884100574,0.04456119304854,44.5611982131572,"Scenario~2","Step","X[t-1] %->% Y[t]","CLPM lag 2","Scenario 2"
"Y5","~","X4",0.0876672873877296,0.0558561880773136,1.56951790670686,"model_dpm",5,"cross","X[t-1] -> Y[t]",0.0999999884100574,-0.0123327010223278,-12.3327024516809,"Scenario~2","Step","X[t-1] %->% Y[t]","DPM","Scenario 2"
"Y5","~","X4",0.099999996178083,0.0627235384462091,1.59429774938226,"model_dpm_free",5,"cross","X[t-1] -> Y[t]",0.0999999884100574,7.76802554225409e-09,7.76802644256389e-06,"Scenario~2","Step","X[t-1] %->% Y[t]","DPM-free","Scenario 2"
"Y5","~","X4",0.139857494842388,0.0707245605843336,1.9774954229036,"model_riclpm",5,"cross","X[t-1] -> Y[t]",0.0999999884100574,0.0398575064323304,39.8575110517931,"Scenario~2","Step","X[t-1] %->% Y[t]","RICLPM","Scenario 2"
"Y5","~","X4",0.118749563736798,0.0946090624755593,1.25516055893139,"model_riclpm_free",5,"cross","X[t-1] -> Y[t]",0.0999999884100574,0.0187495753267405,18.7495774998057,"Scenario~2","Step","X[t-1] %->% Y[t]","RICLPM-free","Scenario 2"
"Y2","~","X1",0.0999999999987929,0.0485016907946741,2.06178379269561,"model_covariates",2,"cross","X[t-1] -> Y[t]",0.0999999999987929,0,0,"Scenario~3*italic('A')","Linear","X[t-1] %->% Y[t]","True Model","Scenario 3A"
"Y2","~","X1",0.0764374671270966,0.0418670319853486,1.82571974898641,"model_clpm",2,"cross","X[t-1] -> Y[t]",0.0999999999987929,-0.0235625328716963,-23.5625328719807,"Scenario~3*italic('A')","Linear","X[t-1] %->% Y[t]","CLPM","Scenario 3A"
"Y2","~","X1",0.0764374671271225,0.0418670180907743,1.82572035489592,"model_clpm_lag2",2,"cross","X[t-1] -> Y[t]",0.0999999999987929,-0.0235625328716703,-23.5625328719548,"Scenario~3*italic('A')","Linear","X[t-1] %->% Y[t]","CLPM lag 2","Scenario 3A"
"Y2","~","X1",0.0709936473955853,0.0519402048450821,1.36683418186995,"model_dpm",2,"cross","X[t-1] -> Y[t]",0.0999999999987929,-0.0290063526032076,-29.0063526035577,"Scenario~3*italic('A')","Linear","X[t-1] %->% Y[t]","DPM","Scenario 3A"
"Y2","~","X1",0.0999999999748398,0.0855368141836388,1.1690872629433,"model_dpm_free",2,"cross","X[t-1] -> Y[t]",0.0999999999987929,-2.39531033896512e-11,-2.39531033899403e-08,"Scenario~3*italic('A')","Linear","X[t-1] %->% Y[t]","DPM-free","Scenario 3A"
"Y2","~","X1",-0.00220655382583704,0.0634607142649008,-0.0347703906487143,"model_riclpm",2,"cross","X[t-1] -> Y[t]",0.0999999999987929,-0.10220655382463,-102.206553825864,"Scenario~3*italic('A')","Linear","X[t-1] %->% Y[t]","RICLPM","Scenario 3A"
"Y2","~","X1",0.0666113979529715,0.0638108843209634,1.04388771072223,"model_riclpm_free",2,"cross","X[t-1] -> Y[t]",0.0999999999987929,-0.0333886020458213,-33.3886020462244,"Scenario~3*italic('A')","Linear","X[t-1] %->% Y[t]","RICLPM-free","Scenario 3A"
"Y3","~","X2",0.0999999999933518,0.0545305806664638,1.83383339717216,"model_covariates",3,"cross","X[t-1] -> Y[t]",0.0999999999933518,0,0,"Scenario~3*italic('A')","Linear","X[t-1] %->% Y[t]","True Model","Scenario 3A"
"Y3","~","X2",0.103449877469084,0.0444550864616122,2.32706503806747,"model_clpm",3,"cross","X[t-1] -> Y[t]",0.0999999999933518,0.00344987747573239,3.44987747596174,"Scenario~3*italic('A')","Linear","X[t-1] %->% Y[t]","CLPM","Scenario 3A"
"Y3","~","X2",0.116632761840636,0.0494217730389318,2.35994693571108,"model_clpm_lag2",3,"cross","X[t-1] -> Y[t]",0.0999999999933518,0.0166327618472839,16.6327618483896,"Scenario~3*italic('A')","Linear","X[t-1] %->% Y[t]","CLPM lag 2","Scenario 3A"
"Y3","~","X2",0.0565524418887259,0.0541224707471285,1.04489763878206,"model_dpm",3,"cross","X[t-1] -> Y[t]",0.0999999999933518,-0.0434475581046259,-43.4475581075144,"Scenario~3*italic('A')","Linear","X[t-1] %->% Y[t]","DPM","Scenario 3A"
"Y3","~","X2",0.0999999957138371,0.0773047430959778,1.2935816317206,"model_dpm_free",3,"cross","X[t-1] -> Y[t]",0.0999999999933518,-4.27951470094445e-09,-4.27951470122896e-06,"Scenario~3*italic('A')","Linear","X[t-1] %->% Y[t]","DPM-free","Scenario 3A"
"Y3","~","X2",0.0428327738650806,0.071468921158106,0.599320280354091,"model_riclpm",3,"cross","X[t-1] -> Y[t]",0.0999999999933518,-0.0571672261282713,-57.1672261320718,"Scenario~3*italic('A')","Linear","X[t-1] %->% Y[t]","RICLPM","Scenario 3A"
"Y3","~","X2",0.0882275138487584,0.0697876278936082,1.26422858193808,"model_riclpm_free",3,"cross","X[t-1] -> Y[t]",0.0999999999933518,-0.0117724861445934,-11.772486145376,"Scenario~3*italic('A')","Linear","X[t-1] %->% Y[t]","RICLPM-free","Scenario 3A"
"Y4","~","X3",0.0999999999686113,0.0613773512758821,1.62926548457795,"model_covariates",4,"cross","X[t-1] -> Y[t]",0.0999999999686113,0,0,"Scenario~3*italic('A')","Linear","X[t-1] %->% Y[t]","True Model","Scenario 3A"
"Y4","~","X3",0.120016583397017,0.0462852230753314,2.59297839402619,"model_clpm",4,"cross","X[t-1] -> Y[t]",0.0999999999686113,0.0200165834284055,20.0165834346884,"Scenario~3*italic('A')","Linear","X[t-1] %->% Y[t]","CLPM","Scenario 3A"
"Y4","~","X3",0.123020106826627,0.0534808862677655,2.30026305492949,"model_clpm_lag2",4,"cross","X[t-1] -> Y[t]",0.0999999999686113,0.0230201068580157,23.0201068652414,"Scenario~3*italic('A')","Linear","X[t-1] %->% Y[t]","CLPM lag 2","Scenario 3A"
"Y4","~","X3",0.0564928307066768,0.0574014110404672,0.984171463430579,"model_dpm",4,"cross","X[t-1] -> Y[t]",0.0999999999686113,-0.0435071692619345,-43.5071692755909,"Scenario~3*italic('A')","Linear","X[t-1] %->% Y[t]","DPM","Scenario 3A"
"Y4","~","X3",0.100000032662042,0.0609596327138239,1.64043036695274,"model_dpm_free",4,"cross","X[t-1] -> Y[t]",0.0999999999686113,3.2693431059605e-08,3.2693431069867e-05,"Scenario~3*italic('A')","Linear","X[t-1] %->% Y[t]","DPM-free","Scenario 3A"
"Y4","~","X3",0.0874305922884492,0.0732546617513122,1.19351574627785,"model_riclpm",4,"cross","X[t-1] -> Y[t]",0.0999999999686113,-0.0125694076801621,-12.5694076841075,"Scenario~3*italic('A')","Linear","X[t-1] %->% Y[t]","RICLPM","Scenario 3A"
"Y4","~","X3",0.112052589294517,0.0799168659507766,1.40211440928544,"model_riclpm_free",4,"cross","X[t-1] -> Y[t]",0.0999999999686113,0.0120525893259056,12.0525893296887,"Scenario~3*italic('A')","Linear","X[t-1] %->% Y[t]","RICLPM-free","Scenario 3A"
"Y5","~","X4",0.100000019815939,0.0696189313228703,1.43639119296691,"model_covariates",5,"cross","X[t-1] -> Y[t]",0.100000019815939,0,0,"Scenario~3*italic('A')","Linear","X[t-1] %->% Y[t]","True Model","Scenario 3A"
"Y5","~","X4",0.119353058781954,0.0474633193430013,2.51463783894737,"model_clpm",5,"cross","X[t-1] -> Y[t]",0.100000019815939,0.0193530389660144,19.3530351310287,"Scenario~3*italic('A')","Linear","X[t-1] %->% Y[t]","CLPM","Scenario 3A"
"Y5","~","X4",0.118332798266558,0.0581118561726298,2.03629355625869,"model_clpm_lag2",5,"cross","X[t-1] -> Y[t]",0.100000019815939,0.0183327784506183,18.3327748178068,"Scenario~3*italic('A')","Linear","X[t-1] %->% Y[t]","CLPM lag 2","Scenario 3A"
"Y5","~","X4",0.0442040602577944,0.0595627528086885,0.742142667579095,"model_dpm",5,"cross","X[t-1] -> Y[t]",0.100000019815939,-0.055795959558145,-55.7959485016537,"Scenario~3*italic('A')","Linear","X[t-1] %->% Y[t]","DPM","Scenario 3A"
"Y5","~","X4",0.099999999959578,0.053091411067003,1.88354383411236,"model_dpm_free",5,"cross","X[t-1] -> Y[t]",0.100000019815939,-1.98563613607039e-08,-1.98563574259802e-05,"Scenario~3*italic('A')","Linear","X[t-1] %->% Y[t]","DPM-free","Scenario 3A"
"Y5","~","X4",0.0877064625636214,0.0741185891811375,1.18332612010837,"model_riclpm",5,"cross","X[t-1] -> Y[t]",0.100000019815939,-0.012293557252318,-12.2935548162346,"Scenario~3*italic('A')","Linear","X[t-1] %->% Y[t]","RICLPM","Scenario 3A"
"Y5","~","X4",0.12805170535955,0.0866613691580279,1.47760999628388,"model_riclpm_free",5,"cross","X[t-1] -> Y[t]",0.100000019815939,0.0280516855436105,28.0516799849066,"Scenario~3*italic('A')","Linear","X[t-1] %->% Y[t]","RICLPM-free","Scenario 3A"
"Y2","~","X1",0.0999999999999119,0.0424642758727471,2.35492064670035,"model_covariates",2,"cross","X[t-1] -> Y[t]",0.0999999999999119,0,0,"Scenario~3*italic('B')","Proportional","X[t-1] %->% Y[t]","True Model","Scenario 3B"
"Y2","~","X1",0.0690741756055035,0.0389419178364012,1.77377436559984,"model_clpm",2,"cross","X[t-1] -> Y[t]",0.0999999999999119,-0.0309258243944084,-30.9258243944356,"Scenario~3*italic('B')","Proportional","X[t-1] %->% Y[t]","CLPM","Scenario 3B"
"Y2","~","X1",0.0690741756043271,0.0389419224045523,1.77377415749389,"model_clpm_lag2",2,"cross","X[t-1] -> Y[t]",0.0999999999999119,-0.0309258243955848,-30.925824395612,"Scenario~3*italic('B')","Proportional","X[t-1] %->% Y[t]","CLPM lag 2","Scenario 3B"
"Y2","~","X1",0.0967462900476977,0.0414117510172429,2.33620379895105,"model_dpm",2,"cross","X[t-1] -> Y[t]",0.0999999999999119,-0.00325370995221418,-3.25370995221704,"Scenario~3*italic('B')","Proportional","X[t-1] %->% Y[t]","DPM","Scenario 3B"
"Y2","~","X1",0.0999999916275534,0.0503372221572925,1.98660131294246,"model_dpm_free",2,"cross","X[t-1] -> Y[t]",0.0999999999999119,-8.37235852868545e-09,-8.37235852869283e-06,"Scenario~3*italic('B')","Proportional","X[t-1] %->% Y[t]","DPM-free","Scenario 3B"
"Y2","~","X1",0.10394897315971,0.0537246422495023,1.93484719129373,"model_riclpm",2,"cross","X[t-1] -> Y[t]",0.0999999999999119,0.00394897315979797,3.94897315980145,"Scenario~3*italic('B')","Proportional","X[t-1] %->% Y[t]","RICLPM","Scenario 3B"
"Y2","~","X1",0.107623403805426,0.0608607495723234,1.76835488490875,"model_riclpm_free",2,"cross","X[t-1] -> Y[t]",0.0999999999999119,0.00762340380551413,7.62340380552084,"Scenario~3*italic('B')","Proportional","X[t-1] %->% Y[t]","RICLPM-free","Scenario 3B"
"Y3","~","X2",0.0999999999999968,0.044821996669392,2.23104741936418,"model_covariates",3,"cross","X[t-1] -> Y[t]",0.0999999999999968,0,0,"Scenario~3*italic('B')","Proportional","X[t-1] %->% Y[t]","True Model","Scenario 3B"
"Y3","~","X2",0.0562581948108935,0.0405943680166217,1.38586206805481,"model_clpm",3,"cross","X[t-1] -> Y[t]",0.0999999999999968,-0.0437418051891032,-43.7418051891046,"Scenario~3*italic('B')","Proportional","X[t-1] %->% Y[t]","CLPM","Scenario 3B"
"Y3","~","X2",0.0806857226813381,0.0441481235800487,1.82761386302274,"model_clpm_lag2",3,"cross","X[t-1] -> Y[t]",0.0999999999999968,-0.0193142773186587,-19.3142773186593,"Scenario~3*italic('B')","Proportional","X[t-1] %->% Y[t]","CLPM lag 2","Scenario 3B"
"Y3","~","X2",0.108175279056908,0.0451176714650051,2.39762548784932,"model_dpm",3,"cross","X[t-1] -> Y[t]",0.0999999999999968,0.00817527905691155,8.17527905691182,"Scenario~3*italic('B')","Proportional","X[t-1] %->% Y[t]","DPM","Scenario 3B"
"Y3","~","X2",0.100000001635593,0.0487963262141727,2.04933464041291,"model_dpm_free",3,"cross","X[t-1] -> Y[t]",0.0999999999999968,1.63559618626685e-09,1.6355961862669e-06,"Scenario~3*italic('B')","Proportional","X[t-1] %->% Y[t]","DPM-free","Scenario 3B"
"Y3","~","X2",0.0808742809740527,0.0563914364122858,1.4341589099233,"model_riclpm",3,"cross","X[t-1] -> Y[t]",0.0999999999999968,-0.019125719025944,-19.1257190259447,"Scenario~3*italic('B')","Proportional","X[t-1] %->% Y[t]","RICLPM","Scenario 3B"
"Y3","~","X2",0.105097690130408,0.0558541406723579,1.88164545842562,"model_riclpm_free",3,"cross","X[t-1] -> Y[t]",0.0999999999999968,0.00509769013041113,5.09769013041129,"Scenario~3*italic('B')","Proportional","X[t-1] %->% Y[t]","RICLPM-free","Scenario 3B"
"Y4","~","X3",0.100000006605533,0.0348672979633368,2.86801709471964,"model_covariates",4,"cross","X[t-1] -> Y[t]",0.100000006605533,0,0,"Scenario~3*italic('B')","Proportional","X[t-1] %->% Y[t]","True Model","Scenario 3B"
"Y4","~","X3",0.09153841546261,0.0361491647659263,2.53224150697094,"model_clpm",4,"cross","X[t-1] -> Y[t]",0.100000006605533,-0.00846159114292326,-8.46159058399008,"Scenario~3*italic('B')","Proportional","X[t-1] %->% Y[t]","CLPM","Scenario 3B"
"Y4","~","X3",0.130708402786077,0.0377000113034454,3.46706534738179,"model_clpm_lag2",4,"cross","X[t-1] -> Y[t]",0.100000006605533,0.0307083961805442,30.708394152091,"Scenario~3*italic('B')","Proportional","X[t-1] %->% Y[t]","CLPM lag 2","Scenario 3B"
"Y4","~","X3",0.112152679566078,0.0418973711019626,2.67684288098029,"model_dpm",4,"cross","X[t-1] -> Y[t]",0.100000006605533,0.0121526729605448,12.152672157796,"Scenario~3*italic('B')","Proportional","X[t-1] %->% Y[t]","DPM","Scenario 3B"
"Y4","~","X3",0.100000004578287,0.0576561957839032,1.7344190545122,"model_dpm_free",4,"cross","X[t-1] -> Y[t]",0.100000006605533,-2.02724578790558e-09,-2.0272456539952e-06,"Scenario~3*italic('B')","Proportional","X[t-1] %->% Y[t]","DPM-free","Scenario 3B"
"Y4","~","X3",0.147473815288607,0.0506844079596844,2.90964857290847,"model_riclpm",4,"cross","X[t-1] -> Y[t]",0.100000006605533,0.0474738086830732,47.4738055471752,"Scenario~3*italic('B')","Proportional","X[t-1] %->% Y[t]","RICLPM","Scenario 3B"
"Y4","~","X3",0.0936521443528768,0.0596434351953041,1.57020037571964,"model_riclpm_free",4,"cross","X[t-1] -> Y[t]",0.100000006605533,-0.00634786225265643,-6.34786183334631,"Scenario~3*italic('B')","Proportional","X[t-1] %->% Y[t]","RICLPM-free","Scenario 3B"
"Y5","~","X4",0.10000000000008,0.0552387112868467,1.81032463774897,"model_covariates",5,"cross","X[t-1] -> Y[t]",0.10000000000008,0,0,"Scenario~3*italic('B')","Proportional","X[t-1] %->% Y[t]","True Model","Scenario 3B"
"Y5","~","X4",0.0796231760957482,0.046657604105105,1.70654232301303,"model_clpm",5,"cross","X[t-1] -> Y[t]",0.10000000000008,-0.0203768239043323,-20.3768239043159,"Scenario~3*italic('B')","Proportional","X[t-1] %->% Y[t]","CLPM","Scenario 3B"
"Y5","~","X4",0.0805801114460881,0.0514685186194567,1.56561940400644,"model_clpm_lag2",5,"cross","X[t-1] -> Y[t]",0.10000000000008,-0.0194198885539924,-19.4198885539767,"Scenario~3*italic('B')","Proportional","X[t-1] %->% Y[t]","CLPM lag 2","Scenario 3B"
"Y5","~","X4",0.169290488433272,0.0512005390196621,3.30642004312222,"model_dpm",5,"cross","X[t-1] -> Y[t]",0.10000000000008,0.0692904884331915,69.2904884331358,"Scenario~3*italic('B')","Proportional","X[t-1] %->% Y[t]","DPM","Scenario 3B"
"Y5","~","X4",0.100000011159531,0.0580794556347794,1.72177941522663,"model_dpm_free",5,"cross","X[t-1] -> Y[t]",0.10000000000008,1.11594507523627e-08,1.11594507523537e-05,"Scenario~3*italic('B')","Proportional","X[t-1] %->% Y[t]","DPM-free","Scenario 3B"
"Y5","~","X4",0.137505890008001,0.065690929648096,2.09322490554808,"model_riclpm",5,"cross","X[t-1] -> Y[t]",0.10000000000008,0.0375058900079209,37.5058900078907,"Scenario~3*italic('B')","Proportional","X[t-1] %->% Y[t]","RICLPM","Scenario 3B"
"Y5","~","X4",0.107071699491482,0.0639251679753609,1.67495374486543,"model_riclpm_free",5,"cross","X[t-1] -> Y[t]",0.10000000000008,0.00707169949140163,7.07169949139594,"Scenario~3*italic('B')","Proportional","X[t-1] %->% Y[t]","RICLPM-free","Scenario 3B"
"Y2","~","X1",0.100000000000001,0.0438252537324963,2.28178941325447,"model_covariates",2,"cross","X[t-1] -> Y[t]",0.100000000000001,0,0,"Scenario~4*italic('A')","Part-Step","X[t-1] %->% Y[t]","True Model","Scenario 4A"
"Y2","~","X1",0.0705468339088673,0.039572695769435,1.78271488806067,"model_clpm",2,"cross","X[t-1] -> Y[t]",0.100000000000001,-0.0294531660911336,-29.4531660911333,"Scenario~4*italic('A')","Part-Step","X[t-1] %->% Y[t]","CLPM","Scenario 4A"
"Y2","~","X1",0.070546833908864,0.0395727294332766,1.78271337153563,"model_clpm_lag2",2,"cross","X[t-1] -> Y[t]",0.100000000000001,-0.0294531660911368,-29.4531660911366,"Scenario~4*italic('A')","Part-Step","X[t-1] %->% Y[t]","CLPM lag 2","Scenario 4A"
"Y2","~","X1",0.0974554992857098,0.0453512005531845,2.14890671243469,"model_dpm",2,"cross","X[t-1] -> Y[t]",0.100000000000001,-0.00254450071429101,-2.54450071429098,"Scenario~4*italic('A')","Part-Step","X[t-1] %->% Y[t]","DPM","Scenario 4A"
"Y2","~","X1",0.10471070939447,0.0560072068745496,1.86959349051296,"model_dpm_free",2,"cross","X[t-1] -> Y[t]",0.100000000000001,0.00471070939446958,4.71070939446953,"Scenario~4*italic('A')","Part-Step","X[t-1] %->% Y[t]","DPM-free","Scenario 4A"
"Y2","~","X1",0.0614196811298204,0.0575100738328964,1.06798126026205,"model_riclpm",2,"cross","X[t-1] -> Y[t]",0.100000000000001,-0.0385803188701804,-38.5803188701801,"Scenario~4*italic('A')","Part-Step","X[t-1] %->% Y[t]","RICLPM","Scenario 4A"
"Y2","~","X1",0.0964160155327449,0.0616894033580746,1.56292669866007,"model_riclpm_free",2,"cross","X[t-1] -> Y[t]",0.100000000000001,-0.00358398446725595,-3.58398446725592,"Scenario~4*italic('A')","Part-Step","X[t-1] %->% Y[t]","RICLPM-free","Scenario 4A"
"Y3","~","X2",0.0999999999999886,0.0480303668906331,2.08201615922885,"model_covariates",3,"cross","X[t-1] -> Y[t]",0.0999999999999886,0,0,"Scenario~4*italic('A')","Part-Step","X[t-1] %->% Y[t]","True Model","Scenario 4A"
"Y3","~","X2",0.0675954722098865,0.0417941337625159,1.61734353902344,"model_clpm",3,"cross","X[t-1] -> Y[t]",0.0999999999999886,-0.032404527790102,-32.4045277901057,"Scenario~4*italic('A')","Part-Step","X[t-1] %->% Y[t]","CLPM","Scenario 4A"
"Y3","~","X2",0.0915977298211267,0.0459529431105322,1.9932940878412,"model_clpm_lag2",3,"cross","X[t-1] -> Y[t]",0.0999999999999886,-0.0084022701788619,-8.40227017886286,"Scenario~4*italic('A')","Part-Step","X[t-1] %->% Y[t]","CLPM lag 2","Scenario 4A"
"Y3","~","X2",0.0839062076736373,0.048586098237031,1.72695916565052,"model_dpm",3,"cross","X[t-1] -> Y[t]",0.0999999999999886,-0.0160937923263513,-16.0937923263531,"Scenario~4*italic('A')","Part-Step","X[t-1] %->% Y[t]","DPM","Scenario 4A"
"Y3","~","X2",0.095158552314007,0.0552023490477477,1.72381346003408,"model_dpm_free",3,"cross","X[t-1] -> Y[t]",0.0999999999999886,-0.00484144768598156,-4.84144768598212,"Scenario~4*italic('A')","Part-Step","X[t-1] %->% Y[t]","DPM-free","Scenario 4A"
"Y3","~","X2",0.0752640855127428,0.0613961825338973,1.22587565556195,"model_riclpm",3,"cross","X[t-1] -> Y[t]",0.0999999999999886,-0.0247359144872458,-24.7359144872486,"Scenario~4*italic('A')","Part-Step","X[t-1] %->% Y[t]","RICLPM","Scenario 4A"
"Y3","~","X2",0.0983334259740715,0.0615541698769877,1.59751039077588,"model_riclpm_free",3,"cross","X[t-1] -> Y[t]",0.0999999999999886,-0.00166657402591711,-1.6665740259173,"Scenario~4*italic('A')","Part-Step","X[t-1] %->% Y[t]","RICLPM-free","Scenario 4A"
"Y4","~","X3",0.100000000000006,0.052382723531061,1.90902635943909,"model_covariates",4,"cross","X[t-1] -> Y[t]",0.100000000000006,0,0,"Scenario~4*italic('A')","Part-Step","X[t-1] %->% Y[t]","True Model","Scenario 4A"
"Y4","~","X3",0.096310948200375,0.0424862456900555,2.26687358781898,"model_clpm",4,"cross","X[t-1] -> Y[t]",0.100000000000006,-0.00368905179963051,-3.68905179963031,"Scenario~4*italic('A')","Part-Step","X[t-1] %->% Y[t]","CLPM","Scenario 4A"
"Y4","~","X3",0.113997189998303,0.0473913163755423,2.40544468305029,"model_clpm_lag2",4,"cross","X[t-1] -> Y[t]",0.100000000000006,0.0139971899982971,13.9971899982963,"Scenario~4*italic('A')","Part-Step","X[t-1] %->% Y[t]","CLPM lag 2","Scenario 4A"
"Y4","~","X3",0.0884914322018237,0.0507052266719784,1.74521322573492,"model_dpm",4,"cross","X[t-1] -> Y[t]",0.100000000000006,-0.0115085677981819,-11.5085677981812,"Scenario~4*italic('A')","Part-Step","X[t-1] %->% Y[t]","DPM","Scenario 4A"
"Y4","~","X3",0.0875937810266153,0.052644630935892,1.66386922026831,"model_dpm_free",4,"cross","X[t-1] -> Y[t]",0.100000000000006,-0.0124062189733902,-12.4062189733895,"Scenario~4*italic('A')","Part-Step","X[t-1] %->% Y[t]","DPM-free","Scenario 4A"
"Y4","~","X3",0.10532589733404,0.0641536155017679,1.64177648461819,"model_riclpm",4,"cross","X[t-1] -> Y[t]",0.100000000000006,0.00532589733403396,5.32589733403367,"Scenario~4*italic('A')","Part-Step","X[t-1] %->% Y[t]","RICLPM","Scenario 4A"
"Y4","~","X3",0.0917151876948331,0.071285632092703,1.28658728277197,"model_riclpm_free",4,"cross","X[t-1] -> Y[t]",0.100000000000006,-0.00828481230517245,-8.28481230517198,"Scenario~4*italic('A')","Part-Step","X[t-1] %->% Y[t]","RICLPM-free","Scenario 4A"
"Y5","~","X4",0.0999999999999998,0.0535964994520391,1.86579349439575,"model_covariates",5,"cross","X[t-1] -> Y[t]",0.0999999999999998,0,0,"Scenario~4*italic('A')","Part-Step","X[t-1] %->% Y[t]","True Model","Scenario 4A"
"Y5","~","X4",0.102833759124696,0.0426520217039141,2.41099378216013,"model_clpm",5,"cross","X[t-1] -> Y[t]",0.0999999999999998,0.00283375912469594,2.83375912469595,"Scenario~4*italic('A')","Part-Step","X[t-1] %->% Y[t]","CLPM","Scenario 4A"
"Y5","~","X4",0.115644987544426,0.0496752666337646,2.32801946282502,"model_clpm_lag2",5,"cross","X[t-1] -> Y[t]",0.0999999999999998,0.0156449875444266,15.6449875444266,"Scenario~4*italic('A')","Part-Step","X[t-1] %->% Y[t]","CLPM lag 2","Scenario 4A"
"Y5","~","X4",0.0903547542236902,0.0507423393462355,1.7806580340564,"model_dpm",5,"cross","X[t-1] -> Y[t]",0.0999999999999998,-0.00964524577630958,-9.6452457763096,"Scenario~4*italic('A')","Part-Step","X[t-1] %->% Y[t]","DPM","Scenario 4A"
"Y5","~","X4",0.0845589088249996,0.0505686073468448,1.67216210335829,"model_dpm_free",5,"cross","X[t-1] -> Y[t]",0.0999999999999998,-0.0154410911750002,-15.4410911750002,"Scenario~4*italic('A')","Part-Step","X[t-1] %->% Y[t]","DPM-free","Scenario 4A"
"Y5","~","X4",0.107555616054304,0.0620119892239402,1.73443260569976,"model_riclpm",5,"cross","X[t-1] -> Y[t]",0.0999999999999998,0.0075556160543039,7.55561605430391,"Scenario~4*italic('A')","Part-Step","X[t-1] %->% Y[t]","RICLPM","Scenario 4A"
"Y5","~","X4",0.0909615587305346,0.069082166214571,1.31671549568966,"model_riclpm_free",5,"cross","X[t-1] -> Y[t]",0.0999999999999998,-0.00903844126946517,-9.03844126946519,"Scenario~4*italic('A')","Part-Step","X[t-1] %->% Y[t]","RICLPM-free","Scenario 4A"
"Y2","~","X1",0.100000000000001,0.0461216776647163,2.16817785178925,"model_covariates",2,"cross","X[t-1] -> Y[t]",0.100000000000001,0,0,"Scenario~5*italic('A')","Part-Linear","X[t-1] %->% Y[t]","True Model","Scenario 5A"
"Y2","~","X1",0.0690711530593769,0.0407235296544417,1.69609937167721,"model_clpm",2,"cross","X[t-1] -> Y[t]",0.100000000000001,-0.0309288469406241,-30.9288469406238,"Scenario~5*italic('A')","Part-Linear","X[t-1] %->% Y[t]","CLPM","Scenario 5A"
"Y2","~","X1",0.0690711530592072,0.0407235295980687,1.69609937402093,"model_clpm_lag2",2,"cross","X[t-1] -> Y[t]",0.100000000000001,-0.0309288469407937,-30.9288469407934,"Scenario~5*italic('A')","Part-Linear","X[t-1] %->% Y[t]","CLPM lag 2","Scenario 5A"
"Y2","~","X1",0.0947594652801216,0.0475870322568252,1.99128755852453,"model_dpm",2,"cross","X[t-1] -> Y[t]",0.100000000000001,-0.00524053471987933,-5.24053471987928,"Scenario~5*italic('A')","Part-Linear","X[t-1] %->% Y[t]","DPM","Scenario 5A"
"Y2","~","X1",0.10670741504923,0.059643344702244,1.78909173491096,"model_dpm_free",2,"cross","X[t-1] -> Y[t]",0.100000000000001,0.00670741504922888,6.70741504922881,"Scenario~5*italic('A')","Part-Linear","X[t-1] %->% Y[t]","DPM-free","Scenario 5A"
"Y2","~","X1",0.055596740156399,0.0591296514461801,0.940251444015414,"model_riclpm",2,"cross","X[t-1] -> Y[t]",0.100000000000001,-0.044403259843602,-44.4032598436016,"Scenario~5*italic('A')","Part-Linear","X[t-1] %->% Y[t]","RICLPM","Scenario 5A"
"Y2","~","X1",0.104047038201315,0.0669663013624345,1.55372233622688,"model_riclpm_free",2,"cross","X[t-1] -> Y[t]",0.100000000000001,0.00404703820131433,4.04703820131429,"Scenario~5*italic('A')","Part-Linear","X[t-1] %->% Y[t]","RICLPM-free","Scenario 5A"
"Y3","~","X2",0.100000000000001,0.0490729394349225,2.03778296453212,"model_covariates",3,"cross","X[t-1] -> Y[t]",0.100000000000001,0,0,"Scenario~5*italic('A')","Part-Linear","X[t-1] %->% Y[t]","True Model","Scenario 5A"
"Y3","~","X2",0.0784668237504191,0.0421636480772226,1.86100651458591,"model_clpm",3,"cross","X[t-1] -> Y[t]",0.100000000000001,-0.0215331762495824,-21.5331762495821,"Scenario~5*italic('A')","Part-Linear","X[t-1] %->% Y[t]","CLPM","Scenario 5A"
"Y3","~","X2",0.100260160735555,0.0464263647593014,2.15955225560641,"model_clpm_lag2",3,"cross","X[t-1] -> Y[t]",0.100000000000001,0.000260160735553697,0.260160735553693,"Scenario~5*italic('A')","Part-Linear","X[t-1] %->% Y[t]","CLPM lag 2","Scenario 5A"
"Y3","~","X2",0.0840462494820051,0.0501135828092305,1.67711516061319,"model_dpm",3,"cross","X[t-1] -> Y[t]",0.100000000000001,-0.0159537505179963,-15.9537505179961,"Scenario~5*italic('A')","Part-Linear","X[t-1] %->% Y[t]","DPM","Scenario 5A"
"Y3","~","X2",0.10448687567981,0.0599720416929126,1.74225977189231,"model_dpm_free",3,"cross","X[t-1] -> Y[t]",0.100000000000001,0.00448687567980843,4.48687567980837,"Scenario~5*italic('A')","Part-Linear","X[t-1] %->% Y[t]","DPM-free","Scenario 5A"
"Y3","~","X2",0.0753525947913758,0.062956725897122,1.19689506907507,"model_riclpm",3,"cross","X[t-1] -> Y[t]",0.100000000000001,-0.0246474052086257,-24.6474052086253,"Scenario~5*italic('A')","Part-Linear","X[t-1] %->% Y[t]","RICLPM","Scenario 5A"
"Y3","~","X2",0.101688516659464,0.0663038523230016,1.53367433560398,"model_riclpm_free",3,"cross","X[t-1] -> Y[t]",0.100000000000001,0.00168851665946237,1.68851665946235,"Scenario~5*italic('A')","Part-Linear","X[t-1] %->% Y[t]","RICLPM-free","Scenario 5A"
"Y4","~","X3",0.0999999999999997,0.0521727513955399,1.91670934204456,"model_covariates",4,"cross","X[t-1] -> Y[t]",0.0999999999999997,0,0,"Scenario~5*italic('A')","Part-Linear","X[t-1] %->% Y[t]","True Model","Scenario 5A"
"Y4","~","X3",0.0832379976460435,0.0433270644230659,1.92115479676325,"model_clpm",4,"cross","X[t-1] -> Y[t]",0.0999999999999997,-0.0167620023539562,-16.7620023539562,"Scenario~5*italic('A')","Part-Linear","X[t-1] %->% Y[t]","CLPM","Scenario 5A"
"Y4","~","X3",0.100382587072462,0.0485298081223221,2.06847277902772,"model_clpm_lag2",4,"cross","X[t-1] -> Y[t]",0.0999999999999997,0.000382587072462179,0.38258707246218,"Scenario~5*italic('A')","Part-Linear","X[t-1] %->% Y[t]","CLPM lag 2","Scenario 5A"
"Y4","~","X3",0.0781344318739604,0.0520577155922544,1.50091933510786,"model_dpm",4,"cross","X[t-1] -> Y[t]",0.0999999999999997,-0.0218655681260393,-21.8655681260394,"Scenario~5*italic('A')","Part-Linear","X[t-1] %->% Y[t]","DPM","Scenario 5A"
"Y4","~","X3",0.0911037098067116,0.0527345002484399,1.72759217168095,"model_dpm_free",4,"cross","X[t-1] -> Y[t]",0.0999999999999997,-0.00889629019328808,-8.89629019328811,"Scenario~5*italic('A')","Part-Linear","X[t-1] %->% Y[t]","DPM-free","Scenario 5A"
"Y4","~","X3",0.08746669051134,0.0646353897503038,1.35323219755055,"model_riclpm",4,"cross","X[t-1] -> Y[t]",0.0999999999999997,-0.0125333094886597,-12.5333094886597,"Scenario~5*italic('A')","Part-Linear","X[t-1] %->% Y[t]","RICLPM","Scenario 5A"
"Y4","~","X3",0.0882167941169287,0.0669825635722986,1.31701131476867,"model_riclpm_free",4,"cross","X[t-1] -> Y[t]",0.0999999999999997,-0.011783205883071,-11.783205883071,"Scenario~5*italic('A')","Part-Linear","X[t-1] %->% Y[t]","RICLPM-free","Scenario 5A"
"Y5","~","X4",0.100000000000001,0.0554190220114898,1.80443458528135,"model_covariates",5,"cross","X[t-1] -> Y[t]",0.100000000000001,0,0,"Scenario~5*italic('A')","Part-Linear","X[t-1] %->% Y[t]","True Model","Scenario 5A"
"Y5","~","X4",0.0801020497152228,0.0441662016750133,1.81365040862321,"model_clpm",5,"cross","X[t-1] -> Y[t]",0.100000000000001,-0.0198979502847779,-19.8979502847777,"Scenario~5*italic('A')","Part-Linear","X[t-1] %->% Y[t]","CLPM","Scenario 5A"
"Y5","~","X4",0.0958036040120781,0.0506729508341696,1.89062611185998,"model_clpm_lag2",5,"cross","X[t-1] -> Y[t]",0.100000000000001,-0.00419639598792265,-4.19639598792262,"Scenario~5*italic('A')","Part-Linear","X[t-1] %->% Y[t]","CLPM lag 2","Scenario 5A"
"Y5","~","X4",0.0659757018295805,0.053055411590468,1.24352445588103,"model_dpm",5,"cross","X[t-1] -> Y[t]",0.100000000000001,-0.0340242981704202,-34.02429817042,"Scenario~5*italic('A')","Part-Linear","X[t-1] %->% Y[t]","DPM","Scenario 5A"
"Y5","~","X4",0.0716035071575434,0.0496360856944107,1.4425695772704,"model_dpm_free",5,"cross","X[t-1] -> Y[t]",0.100000000000001,-0.0283964928424573,-28.3964928424571,"Scenario~5*italic('A')","Part-Linear","X[t-1] %->% Y[t]","DPM-free","Scenario 5A"
"Y5","~","X4",0.0787883778345091,0.0645917098691285,1.21979086780866,"model_riclpm",5,"cross","X[t-1] -> Y[t]",0.100000000000001,-0.0212116221654916,-21.2116221654914,"Scenario~5*italic('A')","Part-Linear","X[t-1] %->% Y[t]","RICLPM","Scenario 5A"
"Y5","~","X4",0.0735952793864406,0.0685738040152384,1.07322731243094,"model_riclpm_free",5,"cross","X[t-1] -> Y[t]",0.100000000000001,-0.0264047206135601,-26.4047206135599,"Scenario~5*italic('A')","Part-Linear","X[t-1] %->% Y[t]","RICLPM-free","Scenario 5A"
"Y2","~","X1",0.0999999999989291,0.0431835514375318,2.31569652495086,"model_covariates",2,"cross","X[t-1] -> Y[t]",0.0999999999989291,0,0,"Scenario~5*italic('C')","Part-Proportional","X[t-1] %->% Y[t]","True Model","Scenario 5C"
"Y2","~","X1",0.0709157541212423,0.0392716733373426,1.80577368099592,"model_clpm",2,"cross","X[t-1] -> Y[t]",0.0999999999989291,-0.0290842458776868,-29.0842458779982,"Scenario~5*italic('C')","Part-Proportional","X[t-1] %->% Y[t]","CLPM","Scenario 5C"
"Y2","~","X1",0.0709157541212418,0.0392716781760805,1.8057734585031,"model_clpm_lag2",2,"cross","X[t-1] -> Y[t]",0.0999999999989291,-0.0290842458776873,-29.0842458779988,"Scenario~5*italic('C')","Part-Proportional","X[t-1] %->% Y[t]","CLPM lag 2","Scenario 5C"
"Y2","~","X1",0.102989712239333,0.043227125736758,2.38252510394777,"model_dpm",2,"cross","X[t-1] -> Y[t]",0.0999999999989291,0.00298971224040349,2.98971224043551,"Scenario~5*italic('C')","Part-Proportional","X[t-1] %->% Y[t]","DPM","Scenario 5C"
"Y2","~","X1",0.10000201018242,0.0456490550340984,2.1906698858875,"model_dpm_free",2,"cross","X[t-1] -> Y[t]",0.0999999999989291,2.0101834911912e-06,0.00201018349121272,"Scenario~5*italic('C')","Part-Proportional","X[t-1] %->% Y[t]","DPM-free","Scenario 5C"
"Y2","~","X1",0.0960529936973627,0.0545053232993332,1.76226812140637,"model_riclpm",2,"cross","X[t-1] -> Y[t]",0.0999999999989291,-0.00394700630156643,-3.9470063016087,"Scenario~5*italic('C')","Part-Proportional","X[t-1] %->% Y[t]","RICLPM","Scenario 5C"
"Y2","~","X1",0.0981251820262179,0.0572849978149668,1.71292983798597,"model_riclpm_free",2,"cross","X[t-1] -> Y[t]",0.0999999999989291,-0.00187481797271119,-1.87481797273127,"Scenario~5*italic('C')","Part-Proportional","X[t-1] %->% Y[t]","RICLPM-free","Scenario 5C"
"Y3","~","X2",0.0999999999999338,0.0444153791564173,2.2514723931043,"model_covariates",3,"cross","X[t-1] -> Y[t]",0.0999999999999338,0,0,"Scenario~5*italic('C')","Part-Proportional","X[t-1] %->% Y[t]","True Model","Scenario 5C"
"Y3","~","X2",0.0603125550191051,0.0400805569164652,1.50478335779632,"model_clpm",3,"cross","X[t-1] -> Y[t]",0.0999999999999338,-0.0396874449808287,-39.687444980855,"Scenario~5*italic('C')","Part-Proportional","X[t-1] %->% Y[t]","CLPM","Scenario 5C"
"Y3","~","X2",0.0869118602402884,0.0437186567445427,1.98798102942944,"model_clpm_lag2",3,"cross","X[t-1] -> Y[t]",0.0999999999999338,-0.0130881397596454,-13.0881397596541,"Scenario~5*italic('C')","Part-Proportional","X[t-1] %->% Y[t]","CLPM lag 2","Scenario 5C"
"Y3","~","X2",0.101493279981583,0.0460726327148861,2.20289733841909,"model_dpm",3,"cross","X[t-1] -> Y[t]",0.0999999999999338,0.00149327998164929,1.49327998165028,"Scenario~5*italic('C')","Part-Proportional","X[t-1] %->% Y[t]","DPM","Scenario 5C"
"Y3","~","X2",0.103108863116409,0.0499394793334637,2.06467637413507,"model_dpm_free",3,"cross","X[t-1] -> Y[t]",0.0999999999999338,0.00310886311647553,3.10886311647759,"Scenario~5*italic('C')","Part-Proportional","X[t-1] %->% Y[t]","DPM-free","Scenario 5C"
"Y3","~","X2",0.0841517357144408,0.0562441357566649,1.49618683943363,"model_riclpm",3,"cross","X[t-1] -> Y[t]",0.0999999999999338,-0.015848264285493,-15.8482642855035,"Scenario~5*italic('C')","Part-Proportional","X[t-1] %->% Y[t]","RICLPM","Scenario 5C"
"Y3","~","X2",0.102490304056571,0.0566540767065995,1.80905435256405,"model_riclpm_free",3,"cross","X[t-1] -> Y[t]",0.0999999999999338,0.00249030405663769,2.49030405663934,"Scenario~5*italic('C')","Part-Proportional","X[t-1] %->% Y[t]","RICLPM-free","Scenario 5C"
"Y4","~","X3",0.0999999999992937,0.0399365636329323,2.50397107068151,"model_covariates",4,"cross","X[t-1] -> Y[t]",0.0999999999992937,0,0,"Scenario~5*italic('C')","Part-Proportional","X[t-1] %->% Y[t]","True Model","Scenario 5C"
"Y4","~","X3",0.0885032024596948,0.0379801926293403,2.33024627661643,"model_clpm",4,"cross","X[t-1] -> Y[t]",0.0999999999992937,-0.0114967975395989,-11.4967975396801,"Scenario~5*italic('C')","Part-Proportional","X[t-1] %->% Y[t]","CLPM","Scenario 5C"
"Y4","~","X3",0.120447131191998,0.0407715251854558,2.95419733856227,"model_clpm_lag2",4,"cross","X[t-1] -> Y[t]",0.0999999999992937,0.0204471311927043,20.4471311928487,"Scenario~5*italic('C')","Part-Proportional","X[t-1] %->% Y[t]","CLPM lag 2","Scenario 5C"
"Y4","~","X3",0.115996324052201,0.0449143920213469,2.58260924465081,"model_dpm",4,"cross","X[t-1] -> Y[t]",0.0999999999992937,0.0159963240529072,15.9963240530202,"Scenario~5*italic('C')","Part-Proportional","X[t-1] %->% Y[t]","DPM","Scenario 5C"
"Y4","~","X3",0.125932359302925,0.0562889711946306,2.23724748614587,"model_dpm_free",4,"cross","X[t-1] -> Y[t]",0.0999999999992937,0.0259323593036308,25.932359303814,"Scenario~5*italic('C')","Part-Proportional","X[t-1] %->% Y[t]","DPM-free","Scenario 5C"
"Y4","~","X3",0.125265224529059,0.0533431591811157,2.3482903234836,"model_riclpm",4,"cross","X[t-1] -> Y[t]",0.0999999999992937,0.0252652245297656,25.265224529944,"Scenario~5*italic('C')","Part-Proportional","X[t-1] %->% Y[t]","RICLPM","Scenario 5C"
"Y4","~","X3",0.10924464311579,0.0614394408783872,1.77808654431001,"model_riclpm_free",4,"cross","X[t-1] -> Y[t]",0.0999999999992937,0.00924464311649675,9.24464311656205,"Scenario~5*italic('C')","Part-Proportional","X[t-1] %->% Y[t]","RICLPM-free","Scenario 5C"
"Y5","~","X4",0.100000000000078,0.0495361816756451,2.01872644635515,"model_covariates",5,"cross","X[t-1] -> Y[t]",0.100000000000078,0,0,"Scenario~5*italic('C')","Part-Proportional","X[t-1] %->% Y[t]","True Model","Scenario 5C"
"Y5","~","X4",0.0557378617312659,0.0434729513963365,1.28212739050339,"model_clpm",5,"cross","X[t-1] -> Y[t]",0.100000000000078,-0.044262138268812,-44.2621382687775,"Scenario~5*italic('C')","Part-Proportional","X[t-1] %->% Y[t]","CLPM","Scenario 5C"
"Y5","~","X4",0.0802298543522187,0.0478161454761876,1.67788209512147,"model_clpm_lag2",5,"cross","X[t-1] -> Y[t]",0.100000000000078,-0.0197701456478591,-19.7701456478437,"Scenario~5*italic('C')","Part-Proportional","X[t-1] %->% Y[t]","CLPM lag 2","Scenario 5C"
"Y5","~","X4",0.111044882357836,0.0494627475821285,2.24502050100343,"model_dpm",5,"cross","X[t-1] -> Y[t]",0.100000000000078,0.0110448823577585,11.0448823577499,"Scenario~5*italic('C')","Part-Proportional","X[t-1] %->% Y[t]","DPM","Scenario 5C"
"Y5","~","X4",0.113808082046382,0.0675072463746527,1.68586467613814,"model_dpm_free",5,"cross","X[t-1] -> Y[t]",0.100000000000078,0.0138080820463039,13.8080820462932,"Scenario~5*italic('C')","Part-Proportional","X[t-1] %->% Y[t]","DPM-free","Scenario 5C"
"Y5","~","X4",0.104909322470431,0.0608159997144737,1.72502833075131,"model_riclpm",5,"cross","X[t-1] -> Y[t]",0.100000000000078,0.00490932247035299,4.90932247034917,"Scenario~5*italic('C')","Part-Proportional","X[t-1] %->% Y[t]","RICLPM","Scenario 5C"
"Y5","~","X4",0.11705431498755,0.065027639718197,1.8000701777708,"model_riclpm_free",5,"cross","X[t-1] -> Y[t]",0.100000000000078,0.0170543149874724,17.0543149874591,"Scenario~5*italic('C')","Part-Proportional","X[t-1] %->% Y[t]","RICLPM-free","Scenario 5C"
"Y2","~","X1",0.099999999998121,0.043825256116485,2.28178928908771,"model_covariates",2,"cross","X[t-1] -> Y[t]",0.099999999998121,0,0,"Scenario~4*italic('B')","Part-Step~Opposite","X[t-1] %->% Y[t]","True Model","Scenario 4B"
"Y2","~","X1",0.0705468339087904,0.039572728158886,1.78271342894385,"model_clpm",2,"cross","X[t-1] -> Y[t]",0.099999999998121,-0.0294531660893306,-29.453166089884,"Scenario~4*italic('B')","Part-Step~Opposite","X[t-1] %->% Y[t]","CLPM","Scenario 4B"
"Y2","~","X1",0.0705468339088668,0.0395727269996538,1.78271348116808,"model_clpm_lag2",2,"cross","X[t-1] -> Y[t]",0.099999999998121,-0.0294531660892541,-29.4531660898076,"Scenario~4*italic('B')","Part-Step~Opposite","X[t-1] %->% Y[t]","CLPM lag 2","Scenario 4B"
"Y2","~","X1",0.102087806691818,0.0433746661790892,2.3536274900724,"model_dpm",2,"cross","X[t-1] -> Y[t]",0.099999999998121,0.00208780669369717,2.0878066937364,"Scenario~4*italic('B')","Part-Step~Opposite","X[t-1] %->% Y[t]","DPM","Scenario 4B"
"Y2","~","X1",0.098274761898622,0.0437372061248655,2.24693734707373,"model_dpm_free",2,"cross","X[t-1] -> Y[t]",0.099999999998121,-0.00172523809949895,-1.72523809953137,"Scenario~4*italic('B')","Part-Step~Opposite","X[t-1] %->% Y[t]","DPM-free","Scenario 4B"
"Y2","~","X1",0.0946327632722494,0.0552951048159388,1.71141303714414,"model_riclpm",2,"cross","X[t-1] -> Y[t]",0.099999999998121,-0.00536723672587158,-5.36723672597244,"Scenario~4*italic('B')","Part-Step~Opposite","X[t-1] %->% Y[t]","RICLPM","Scenario 4B"
"Y2","~","X1",0.0989321023279471,0.0550595322365242,1.79682061051582,"model_riclpm_free",2,"cross","X[t-1] -> Y[t]",0.099999999998121,-0.0010678976701738,-1.06789767019387,"Scenario~4*italic('B')","Part-Step~Opposite","X[t-1] %->% Y[t]","RICLPM-free","Scenario 4B"
"Y3","~","X2",0.100000000002607,0.0431357234755346,2.31826411951394,"model_covariates",3,"cross","X[t-1] -> Y[t]",0.100000000002607,0,0,"Scenario~4*italic('B')","Part-Step~Opposite","X[t-1] %->% Y[t]","True Model","Scenario 4B"
"Y3","~","X2",0.0654057460203185,0.0396085523390369,1.65130362403719,"model_clpm",3,"cross","X[t-1] -> Y[t]",0.100000000002607,-0.0345942539822883,-34.5942539813865,"Scenario~4*italic('B')","Part-Step~Opposite","X[t-1] %->% Y[t]","CLPM","Scenario 4B"
"Y3","~","X2",0.0933977162506359,0.0432555895334724,2.15920571787288,"model_clpm_lag2",3,"cross","X[t-1] -> Y[t]",0.100000000002607,-0.00660228375197087,-6.60228375179877,"Scenario~4*italic('B')","Part-Step~Opposite","X[t-1] %->% Y[t]","CLPM lag 2","Scenario 4B"
"Y3","~","X2",0.0945594869009779,0.0451174883479828,2.09584997665779,"model_dpm",3,"cross","X[t-1] -> Y[t]",0.100000000002607,-0.00544051310162888,-5.44051310148706,"Scenario~4*italic('B')","Part-Step~Opposite","X[t-1] %->% Y[t]","DPM","Scenario 4B"
"Y3","~","X2",0.0959358811982988,0.0480332761576729,1.99727957100786,"model_dpm_free",3,"cross","X[t-1] -> Y[t]",0.100000000002607,-0.004064118804308,-4.06411880420206,"Scenario~4*italic('B')","Part-Step~Opposite","X[t-1] %->% Y[t]","DPM-free","Scenario 4B"
"Y3","~","X2",0.0972020000196956,0.0562251641560938,1.72879886575059,"model_riclpm",3,"cross","X[t-1] -> Y[t]",0.100000000002607,-0.00279799998291115,-2.79799998283821,"Scenario~4*italic('B')","Part-Step~Opposite","X[t-1] %->% Y[t]","RICLPM","Scenario 4B"
"Y3","~","X2",0.0993028647070673,0.0567553893026596,1.7496640570557,"model_riclpm_free",3,"cross","X[t-1] -> Y[t]",0.100000000002607,-0.000697135295539483,-0.69713529552131,"Scenario~4*italic('B')","Part-Step~Opposite","X[t-1] %->% Y[t]","RICLPM-free","Scenario 4B"
"Y4","~","X3",0.099999999997393,0.0433713299685663,2.30567059091498,"model_covariates",4,"cross","X[t-1] -> Y[t]",0.099999999997393,0,0,"Scenario~4*italic('B')","Part-Step~Opposite","X[t-1] %->% Y[t]","True Model","Scenario 4B"
"Y4","~","X3",0.0627714255955511,0.0389146984078911,1.61305183295015,"model_clpm",4,"cross","X[t-1] -> Y[t]",0.099999999997393,-0.0372285744018419,-37.2285744028124,"Scenario~4*italic('B')","Part-Step~Opposite","X[t-1] %->% Y[t]","CLPM","Scenario 4B"
"Y4","~","X3",0.086882006348865,0.0426314598247416,2.03797868302042,"model_clpm_lag2",4,"cross","X[t-1] -> Y[t]",0.099999999997393,-0.013117993648528,-13.11799364887,"Scenario~4*italic('B')","Part-Step~Opposite","X[t-1] %->% Y[t]","CLPM lag 2","Scenario 4B"
"Y4","~","X3",0.0882891807184421,0.0459127221394406,1.92297856899665,"model_dpm",4,"cross","X[t-1] -> Y[t]",0.099999999997393,-0.0117108192789509,-11.7108192792562,"Scenario~4*italic('B')","Part-Step~Opposite","X[t-1] %->% Y[t]","DPM","Scenario 4B"
"Y4","~","X3",0.0907498565665309,0.0488513063492374,1.85767512372671,"model_dpm_free",4,"cross","X[t-1] -> Y[t]",0.099999999997393,-0.00925014343086208,-9.25014343110323,"Scenario~4*italic('B')","Part-Step~Opposite","X[t-1] %->% Y[t]","DPM-free","Scenario 4B"
"Y4","~","X3",0.089698662275483,0.0556822070894621,1.61090349977271,"model_riclpm",4,"cross","X[t-1] -> Y[t]",0.099999999997393,-0.01030133772191,-10.3013377221786,"Scenario~4*italic('B')","Part-Step~Opposite","X[t-1] %->% Y[t]","RICLPM","Scenario 4B"
"Y4","~","X3",0.0856682428527082,0.0592249391913363,1.44648933409526,"model_riclpm_free",4,"cross","X[t-1] -> Y[t]",0.099999999997393,-0.0143317571446848,-14.3317571450584,"Scenario~4*italic('B')","Part-Step~Opposite","X[t-1] %->% Y[t]","RICLPM-free","Scenario 4B"
"Y5","~","X4",0.099999999997939,0.0435235802824073,2.29760509932957,"model_covariates",5,"cross","X[t-1] -> Y[t]",0.099999999997939,0,0,"Scenario~4*italic('B')","Part-Step~Opposite","X[t-1] %->% Y[t]","True Model","Scenario 4B"
"Y5","~","X4",0.0607780767522825,0.0386770619521761,1.57142434519546,"model_clpm",5,"cross","X[t-1] -> Y[t]",0.099999999997939,-0.0392219232456565,-39.2219232464648,"Scenario~4*italic('B')","Part-Step~Opposite","X[t-1] %->% Y[t]","CLPM","Scenario 4B"
"Y5","~","X4",0.0906187603326301,0.0427700737697444,2.11874220326302,"model_clpm_lag2",5,"cross","X[t-1] -> Y[t]",0.099999999997939,-0.00938123966530892,-9.38123966550226,"Scenario~4*italic('B')","Part-Step~Opposite","X[t-1] %->% Y[t]","CLPM lag 2","Scenario 4B"
"Y5","~","X4",0.0859363819959518,0.0456052937364378,1.88435102496205,"model_dpm",5,"cross","X[t-1] -> Y[t]",0.099999999997939,-0.0140636180019872,-14.0636180022771,"Scenario~4*italic('B')","Part-Step~Opposite","X[t-1] %->% Y[t]","DPM","Scenario 4B"
"Y5","~","X4",0.0876797604595022,0.0512716944535873,1.71010069774215,"model_dpm_free",5,"cross","X[t-1] -> Y[t]",0.099999999997939,-0.0123202395384368,-12.3202395386907,"Scenario~4*italic('B')","Part-Step~Opposite","X[t-1] %->% Y[t]","DPM-free","Scenario 4B"
"Y5","~","X4",0.0836756037174033,0.0535639629781602,1.56216230213438,"model_riclpm",5,"cross","X[t-1] -> Y[t]",0.099999999997939,-0.0163243962805357,-16.3243962808722,"Scenario~4*italic('B')","Part-Step~Opposite","X[t-1] %->% Y[t]","RICLPM","Scenario 4B"
"Y5","~","X4",0.0780674627689977,0.0598859071588559,1.30360324277818,"model_riclpm_free",5,"cross","X[t-1] -> Y[t]",0.099999999997939,-0.0219325372289413,-21.9325372293933,"Scenario~4*italic('B')","Part-Step~Opposite","X[t-1] %->% Y[t]","RICLPM-free","Scenario 4B"
"Y2","~","X1",0.0999999999997552,0.043624955743596,2.29226593575249,"model_covariates",2,"cross","X[t-1] -> Y[t]",0.0999999999997552,0,0,"Scenario~5*italic('B')","Part-Linear~Opposite","X[t-1] %->% Y[t]","True Model","Scenario 5B"
"Y2","~","X1",0.0731173778531289,0.039554305635646,1.84853144754073,"model_clpm",2,"cross","X[t-1] -> Y[t]",0.0999999999997552,-0.0268826221466263,-26.8826221466921,"Scenario~5*italic('B')","Part-Linear~Opposite","X[t-1] %->% Y[t]","CLPM","Scenario 5B"
"Y2","~","X1",0.0731173778531297,0.0395542963189829,1.8485318829459,"model_clpm_lag2",2,"cross","X[t-1] -> Y[t]",0.0999999999997552,-0.0268826221466255,-26.8826221466913,"Scenario~5*italic('B')","Part-Linear~Opposite","X[t-1] %->% Y[t]","CLPM lag 2","Scenario 5B"
"Y2","~","X1",0.0922180322893494,0.0427190357784477,2.15871052819677,"model_dpm",2,"cross","X[t-1] -> Y[t]",0.0999999999997552,-0.0077819677104058,-7.78196771042485,"Scenario~5*italic('B')","Part-Linear~Opposite","X[t-1] %->% Y[t]","DPM","Scenario 5B"
"Y2","~","X1",0.0921021095238278,0.043137047979128,2.13510459891441,"model_dpm_free",2,"cross","X[t-1] -> Y[t]",0.0999999999997552,-0.00789789047592747,-7.8978904759468,"Scenario~5*italic('B')","Part-Linear~Opposite","X[t-1] %->% Y[t]","DPM-free","Scenario 5B"
"Y2","~","X1",0.0954399042738494,0.0547315200816599,1.74378318255097,"model_riclpm",2,"cross","X[t-1] -> Y[t]",0.0999999999997552,-0.00456009572590588,-4.56009572591704,"Scenario~5*italic('B')","Part-Linear~Opposite","X[t-1] %->% Y[t]","RICLPM","Scenario 5B"
"Y2","~","X1",0.0925067619868544,0.0547629218332711,1.68922254127522,"model_riclpm_free",2,"cross","X[t-1] -> Y[t]",0.0999999999997552,-0.00749323801290085,-7.49323801291919,"Scenario~5*italic('B')","Part-Linear~Opposite","X[t-1] %->% Y[t]","RICLPM-free","Scenario 5B"
"Y3","~","X2",0.099999999999209,0.0427960569828275,2.33666386693838,"model_covariates",3,"cross","X[t-1] -> Y[t]",0.099999999999209,0,0,"Scenario~5*italic('B')","Part-Linear~Opposite","X[t-1] %->% Y[t]","True Model","Scenario 5B"
"Y3","~","X2",0.0730047114850069,0.0392019851111271,1.86227078241212,"model_clpm",3,"cross","X[t-1] -> Y[t]",0.099999999999209,-0.026995288514202,-26.9952885144156,"Scenario~5*italic('B')","Part-Linear~Opposite","X[t-1] %->% Y[t]","CLPM","Scenario 5B"
"Y3","~","X2",0.0968232002453733,0.0428311388900795,2.26057963328637,"model_clpm_lag2",3,"cross","X[t-1] -> Y[t]",0.099999999999209,-0.00317679975383567,-3.1767997538608,"Scenario~5*italic('B')","Part-Linear~Opposite","X[t-1] %->% Y[t]","CLPM lag 2","Scenario 5B"
"Y3","~","X2",0.0966535857386214,0.0443401061107427,2.17982305899814,"model_dpm",3,"cross","X[t-1] -> Y[t]",0.099999999999209,-0.0033464142605876,-3.34641426061407,"Scenario~5*italic('B')","Part-Linear~Opposite","X[t-1] %->% Y[t]","DPM","Scenario 5B"
"Y3","~","X2",0.100544025523598,0.0486728437250219,2.06571093506727,"model_dpm_free",3,"cross","X[t-1] -> Y[t]",0.099999999999209,0.000544025524388897,0.5440255243932,"Scenario~5*italic('B')","Part-Linear~Opposite","X[t-1] %->% Y[t]","DPM-free","Scenario 5B"
"Y3","~","X2",0.101455074679058,0.0559276467665684,1.81404154375587,"model_riclpm",3,"cross","X[t-1] -> Y[t]",0.099999999999209,0.00145507467984951,1.45507467986102,"Scenario~5*italic('B')","Part-Linear~Opposite","X[t-1] %->% Y[t]","RICLPM","Scenario 5B"
"Y3","~","X2",0.100893680735553,0.0579491142255594,1.74107373484325,"model_riclpm_free",3,"cross","X[t-1] -> Y[t]",0.099999999999209,0.00089368073634416,0.89368073635123,"Scenario~5*italic('B')","Part-Linear~Opposite","X[t-1] %->% Y[t]","RICLPM-free","Scenario 5B"
"Y4","~","X3",0.0999999999982176,0.041383100790024,2.41644531437152,"model_covariates",4,"cross","X[t-1] -> Y[t]",0.0999999999982176,0,0,"Scenario~5*italic('B')","Part-Linear~Opposite","X[t-1] %->% Y[t]","True Model","Scenario 5B"
"Y4","~","X3",0.0659214279426699,0.0383322913264608,1.71973617181513,"model_clpm",4,"cross","X[t-1] -> Y[t]",0.0999999999982176,-0.0340785720555477,-34.0785720561551,"Scenario~5*italic('B')","Part-Linear~Opposite","X[t-1] %->% Y[t]","CLPM","Scenario 5B"
"Y4","~","X3",0.0900658943997227,0.0419156947650165,2.1487391514,"model_clpm_lag2",4,"cross","X[t-1] -> Y[t]",0.0999999999982176,-0.00993410559849493,-9.934105598672,"Scenario~5*italic('B')","Part-Linear~Opposite","X[t-1] %->% Y[t]","CLPM lag 2","Scenario 5B"
"Y4","~","X3",0.0919309076412688,0.0446775103458787,2.0576551139392,"model_dpm",4,"cross","X[t-1] -> Y[t]",0.0999999999982176,-0.00806909235694885,-8.06909235709267,"Scenario~5*italic('B')","Part-Linear~Opposite","X[t-1] %->% Y[t]","DPM","Scenario 5B"
"Y4","~","X3",0.099112147797764,0.0485259983758827,2.04245458341816,"model_dpm_free",4,"cross","X[t-1] -> Y[t]",0.0999999999982176,-0.000887852200453634,-0.887852200469459,"Scenario~5*italic('B')","Part-Linear~Opposite","X[t-1] %->% Y[t]","DPM-free","Scenario 5B"
"Y4","~","X3",0.0922221311473444,0.0545686905113802,1.69001913520559,"model_riclpm",4,"cross","X[t-1] -> Y[t]",0.0999999999982176,-0.00777786885087321,-7.77786885101184,"Scenario~5*italic('B')","Part-Linear~Opposite","X[t-1] %->% Y[t]","RICLPM","Scenario 5B"
"Y4","~","X3",0.0945981748171577,0.0581464248679201,1.62689580712895,"model_riclpm_free",4,"cross","X[t-1] -> Y[t]",0.0999999999982176,-0.00540182518105994,-5.40182518115622,"Scenario~5*italic('B')","Part-Linear~Opposite","X[t-1] %->% Y[t]","RICLPM-free","Scenario 5B"
"Y5","~","X4",0.100000000007127,0.0393299774070055,2.54258981570925,"model_covariates",5,"cross","X[t-1] -> Y[t]",0.100000000007127,0,0,"Scenario~5*italic('B')","Part-Linear~Opposite","X[t-1] %->% Y[t]","True Model","Scenario 5B"
"Y5","~","X4",0.0513795068886085,0.0368429915687526,1.39455306697149,"model_clpm",5,"cross","X[t-1] -> Y[t]",0.100000000007127,-0.0486204931185185,-48.6204931150533,"Scenario~5*italic('B')","Part-Linear~Opposite","X[t-1] %->% Y[t]","CLPM","Scenario 5B"
"Y5","~","X4",0.0794196981629628,0.0403904712002104,1.96629788667949,"model_clpm_lag2",5,"cross","X[t-1] -> Y[t]",0.100000000007127,-0.0205803018441642,-20.5803018426975,"Scenario~5*italic('B')","Part-Linear~Opposite","X[t-1] %->% Y[t]","CLPM lag 2","Scenario 5B"
"Y5","~","X4",0.0773732251538499,0.0436216712894127,1.7737336252091,"model_dpm",5,"cross","X[t-1] -> Y[t]",0.100000000007127,-0.0226267748532771,-22.6267748516645,"Scenario~5*italic('B')","Part-Linear~Opposite","X[t-1] %->% Y[t]","DPM","Scenario 5B"
"Y5","~","X4",0.0797303016898336,0.0471595585432571,1.69064987359245,"model_dpm_free",5,"cross","X[t-1] -> Y[t]",0.100000000007127,-0.0202696983172934,-20.2696983158488,"Scenario~5*italic('B')","Part-Linear~Opposite","X[t-1] %->% Y[t]","DPM-free","Scenario 5B"
"Y5","~","X4",0.0692237552233146,0.0506142642491422,1.36767285369534,"model_riclpm",5,"cross","X[t-1] -> Y[t]",0.100000000007127,-0.0307762447838125,-30.776244781619,"Scenario~5*italic('B')","Part-Linear~Opposite","X[t-1] %->% Y[t]","RICLPM","Scenario 5B"
"Y5","~","X4",0.0695835874527945,0.0554011809985408,1.25599465929485,"model_riclpm_free",5,"cross","X[t-1] -> Y[t]",0.100000000007127,-0.0304164125543325,-30.4164125521647,"Scenario~5*italic('B')","Part-Linear~Opposite","X[t-1] %->% Y[t]","RICLPM-free","Scenario 5B"
"Y2","~","X1",0.100000000000002,0.0438187687935061,2.28212710565299,"model_covariates",2,"cross","X[t-1] -> Y[t]",0.100000000000002,0,0,"Scenario~5*italic('D')","Part-Proportional~Opposite","X[t-1] %->% Y[t]","True Model","Scenario 5D"
"Y2","~","X1",0.0699041979227858,0.0395772750836678,1.76627111833762,"model_clpm",2,"cross","X[t-1] -> Y[t]",0.100000000000002,-0.030095802077216,-30.0958020772155,"Scenario~5*italic('D')","Part-Proportional~Opposite","X[t-1] %->% Y[t]","CLPM","Scenario 5D"
"Y2","~","X1",0.0699041979227717,0.0395772904947089,1.76627043056718,"model_clpm_lag2",2,"cross","X[t-1] -> Y[t]",0.100000000000002,-0.03009580207723,-30.0958020772295,"Scenario~5*italic('D')","Part-Proportional~Opposite","X[t-1] %->% Y[t]","CLPM lag 2","Scenario 5D"
"Y2","~","X1",0.0994136351050038,0.0429066860085376,2.31697304903069,"model_dpm",2,"cross","X[t-1] -> Y[t]",0.100000000000002,-0.000586364894997998,-0.586364894997988,"Scenario~5*italic('D')","Part-Proportional~Opposite","X[t-1] %->% Y[t]","DPM","Scenario 5D"
"Y2","~","X1",0.0933765383905917,0.0417743030222141,2.23526262882082,"model_dpm_free",2,"cross","X[t-1] -> Y[t]",0.100000000000002,-0.00662346160941003,-6.62346160940992,"Scenario~5*italic('D')","Part-Proportional~Opposite","X[t-1] %->% Y[t]","DPM-free","Scenario 5D"
"Y2","~","X1",0.0964707764978052,0.0543358212959364,1.77545446442014,"model_riclpm",2,"cross","X[t-1] -> Y[t]",0.100000000000002,-0.00352922350219657,-3.52922350219651,"Scenario~5*italic('D')","Part-Proportional~Opposite","X[t-1] %->% Y[t]","RICLPM","Scenario 5D"
"Y2","~","X1",0.0909977735995373,0.0541398801087518,1.68079008333133,"model_riclpm_free",2,"cross","X[t-1] -> Y[t]",0.100000000000002,-0.00900222640046444,-9.00222640046428,"Scenario~5*italic('D')","Part-Proportional~Opposite","X[t-1] %->% Y[t]","RICLPM-free","Scenario 5D"
"Y3","~","X2",0.100000000000002,0.0438684748331567,2.27954129657638,"model_covariates",3,"cross","X[t-1] -> Y[t]",0.100000000000002,0,0,"Scenario~5*italic('D')","Part-Proportional~Opposite","X[t-1] %->% Y[t]","True Model","Scenario 5D"
"Y3","~","X2",0.0690984498193358,0.0395957408113943,1.74509804346057,"model_clpm",3,"cross","X[t-1] -> Y[t]",0.100000000000002,-0.0309015501806665,-30.9015501806658,"Scenario~5*italic('D')","Part-Proportional~Opposite","X[t-1] %->% Y[t]","CLPM","Scenario 5D"
"Y3","~","X2",0.095469886386279,0.0432649450971111,2.20663371170333,"model_clpm_lag2",3,"cross","X[t-1] -> Y[t]",0.100000000000002,-0.00453011361372332,-4.53011361372322,"Scenario~5*italic('D')","Part-Proportional~Opposite","X[t-1] %->% Y[t]","CLPM lag 2","Scenario 5D"
"Y3","~","X2",0.103235037603806,0.0447584861037425,2.30649082644406,"model_dpm",3,"cross","X[t-1] -> Y[t]",0.100000000000002,0.00323503760380345,3.23503760380337,"Scenario~5*italic('D')","Part-Proportional~Opposite","X[t-1] %->% Y[t]","DPM","Scenario 5D"
"Y3","~","X2",0.0968122976742034,0.0453984212079143,2.1325036223358,"model_dpm_free",3,"cross","X[t-1] -> Y[t]",0.100000000000002,-0.00318770232579893,-3.18770232579885,"Scenario~5*italic('D')","Part-Proportional~Opposite","X[t-1] %->% Y[t]","DPM-free","Scenario 5D"
"Y3","~","X2",0.0992678811306358,0.0551981636584785,1.79839100707815,"model_riclpm",3,"cross","X[t-1] -> Y[t]",0.100000000000002,-0.000732118869366527,-0.73211886936651,"Scenario~5*italic('D')","Part-Proportional~Opposite","X[t-1] %->% Y[t]","RICLPM","Scenario 5D"
"Y3","~","X2",0.0943609028458768,0.0560747179391159,1.68277088702133,"model_riclpm_free",3,"cross","X[t-1] -> Y[t]",0.100000000000002,-0.00563909715412554,-5.63909715412541,"Scenario~5*italic('D')","Part-Proportional~Opposite","X[t-1] %->% Y[t]","RICLPM-free","Scenario 5D"
"Y4","~","X3",0.100000000000001,0.0434349166513983,2.30229519726226,"model_covariates",4,"cross","X[t-1] -> Y[t]",0.100000000000001,0,0,"Scenario~5*italic('D')","Part-Proportional~Opposite","X[t-1] %->% Y[t]","True Model","Scenario 5D"
"Y4","~","X3",0.0707054389022997,0.0397305984226342,1.77962179552824,"model_clpm",4,"cross","X[t-1] -> Y[t]",0.100000000000001,-0.0292945610977013,-29.294561097701,"Scenario~5*italic('D')","Part-Proportional~Opposite","X[t-1] %->% Y[t]","CLPM","Scenario 5D"
"Y4","~","X3",0.100420337760666,0.0432660733071686,2.32099495250538,"model_clpm_lag2",4,"cross","X[t-1] -> Y[t]",0.100000000000001,0.000420337760664954,0.42033776066495,"Scenario~5*italic('D')","Part-Proportional~Opposite","X[t-1] %->% Y[t]","CLPM lag 2","Scenario 5D"
"Y4","~","X3",0.102731142105765,0.0458398896101126,2.24108615835545,"model_dpm",4,"cross","X[t-1] -> Y[t]",0.100000000000001,0.0027311421057642,2.73114210576417,"Scenario~5*italic('D')","Part-Proportional~Opposite","X[t-1] %->% Y[t]","DPM","Scenario 5D"
"Y4","~","X3",0.103589080884413,0.0493402684824323,2.0994835267525,"model_dpm_free",4,"cross","X[t-1] -> Y[t]",0.100000000000001,0.00358908088441152,3.58908088441149,"Scenario~5*italic('D')","Part-Proportional~Opposite","X[t-1] %->% Y[t]","DPM-free","Scenario 5D"
"Y4","~","X3",0.10056133960241,0.0558614377485628,1.80019247007293,"model_riclpm",4,"cross","X[t-1] -> Y[t]",0.100000000000001,0.000561339602409436,0.56133960240943,"Scenario~5*italic('D')","Part-Proportional~Opposite","X[t-1] %->% Y[t]","RICLPM","Scenario 5D"
"Y4","~","X3",0.0988671287100995,0.0598694975666686,1.65137729108223,"model_riclpm_free",4,"cross","X[t-1] -> Y[t]",0.100000000000001,-0.00113287128990153,-1.13287128990152,"Scenario~5*italic('D')","Part-Proportional~Opposite","X[t-1] %->% Y[t]","RICLPM-free","Scenario 5D"
"Y5","~","X4",0.100000000000002,0.0419933899638177,2.38132715854004,"model_covariates",5,"cross","X[t-1] -> Y[t]",0.100000000000002,0,0,"Scenario~5*italic('D')","Part-Proportional~Opposite","X[t-1] %->% Y[t]","True Model","Scenario 5D"
"Y5","~","X4",0.0878992896054932,0.0404491148503394,2.1730831423807,"model_clpm",5,"cross","X[t-1] -> Y[t]",0.100000000000002,-0.0121007103945085,-12.1007103945083,"Scenario~5*italic('D')","Part-Proportional~Opposite","X[t-1] %->% Y[t]","CLPM","Scenario 5D"
"Y5","~","X4",0.116534358549478,0.0438568119173749,2.65715526174191,"model_clpm_lag2",5,"cross","X[t-1] -> Y[t]",0.100000000000002,0.0165343585494761,16.5343585494758,"Scenario~5*italic('D')","Part-Proportional~Opposite","X[t-1] %->% Y[t]","CLPM lag 2","Scenario 5D"
"Y5","~","X4",0.126210265504807,0.0460060016657989,2.74334349726011,"model_dpm",5,"cross","X[t-1] -> Y[t]",0.100000000000002,0.0262102655048054,26.210265504805,"Scenario~5*italic('D')","Part-Proportional~Opposite","X[t-1] %->% Y[t]","DPM","Scenario 5D"
"Y5","~","X4",0.13675382027148,0.0564794036998494,2.42130425098388,"model_dpm_free",5,"cross","X[t-1] -> Y[t]",0.100000000000002,0.0367538202714785,36.7538202714779,"Scenario~5*italic('D')","Part-Proportional~Opposite","X[t-1] %->% Y[t]","DPM-free","Scenario 5D"
"Y5","~","X4",0.124661170535035,0.0559774266309702,2.22699002147528,"model_riclpm",5,"cross","X[t-1] -> Y[t]",0.100000000000002,0.0246611705350334,24.6611705350329,"Scenario~5*italic('D')","Part-Proportional~Opposite","X[t-1] %->% Y[t]","RICLPM","Scenario 5D"
"Y5","~","X4",0.132078032273161,0.0627661016266635,2.10428923973594,"model_riclpm_free",5,"cross","X[t-1] -> Y[t]",0.100000000000002,0.0320780322731588,32.0780322731582,"Scenario~5*italic('D')","Part-Proportional~Opposite","X[t-1] %->% Y[t]","RICLPM-free","Scenario 5D"
"Y2","~","X1",0.0999999976347526,0.051105622105984,1.95673183328774,"model_covariates",2,"cross","X[t-1] -> Y[t]",0.0999999976347526,0,0,"Scenario~6","Chaotic~Effects","X[t-1] %->% Y[t]","True Model","Scenario 6"
"Y2","~","X1",0.0628108673464294,0.0437235891725557,1.43654417524018,"model_clpm",2,"cross","X[t-1] -> Y[t]",0.0999999976347526,-0.0371891302883233,-37.1891311679382,"Scenario~6","Chaotic~Effects","X[t-1] %->% Y[t]","CLPM","Scenario 6"
"Y2","~","X1",0.0628108673464282,0.0437235954781769,1.43654396806818,"model_clpm_lag2",2,"cross","X[t-1] -> Y[t]",0.0999999976347526,-0.0371891302883245,-37.1891311679394,"Scenario~6","Chaotic~Effects","X[t-1] %->% Y[t]","CLPM lag 2","Scenario 6"
"Y2","~","X1",0.0862496021760846,0.0532474023881337,1.61978985467478,"model_dpm",2,"cross","X[t-1] -> Y[t]",0.0999999976347526,-0.0137503954586681,-13.7503957838989,"Scenario~6","Chaotic~Effects","X[t-1] %->% Y[t]","DPM","Scenario 6"
"Y2","~","X1",0.0912390029622022,0.0668651911273622,1.36452168047219,"model_dpm_free",2,"cross","X[t-1] -> Y[t]",0.0999999976347526,-0.00876099467255048,-8.76099487976968,"Scenario~6","Chaotic~Effects","X[t-1] %->% Y[t]","DPM-free","Scenario 6"
"Y2","~","X1",0.0459353464716538,0.0636230661692288,0.721992026436952,"model_riclpm",2,"cross","X[t-1] -> Y[t]",0.0999999976347526,-0.0540646511630988,-54.0646524418616,"Scenario~6","Chaotic~Effects","X[t-1] %->% Y[t]","RICLPM","Scenario 6"
"Y2","~","X1",0.0775873788839363,0.0635784003927015,1.22034178910929,"model_riclpm_free",2,"cross","X[t-1] -> Y[t]",0.0999999976347526,-0.0224126187508163,-22.4126192809302,"Scenario~6","Chaotic~Effects","X[t-1] %->% Y[t]","RICLPM-free","Scenario 6"
"Y3","~","X2",0.100000000339801,0.070752825766237,1.41337111637342,"model_covariates",3,"cross","X[t-1] -> Y[t]",0.100000000339801,0,0,"Scenario~6","Chaotic~Effects","X[t-1] %->% Y[t]","True Model","Scenario 6"
"Y3","~","X2",0.114907408663967,0.0451951229860388,2.54247363591561,"model_clpm",3,"cross","X[t-1] -> Y[t]",0.100000000339801,0.0149074083241667,14.9074082735113,"Scenario~6","Chaotic~Effects","X[t-1] %->% Y[t]","CLPM","Scenario 6"
"Y3","~","X2",0.123174780380944,0.0522587293769083,2.35701827904318,"model_clpm_lag2",3,"cross","X[t-1] -> Y[t]",0.100000000339801,0.0231747800411429,23.1747799623948,"Scenario~6","Chaotic~Effects","X[t-1] %->% Y[t]","CLPM lag 2","Scenario 6"
"Y3","~","X2",0.100915699215516,0.0571152783981268,1.76687748087428,"model_dpm",3,"cross","X[t-1] -> Y[t]",0.100000000339801,0.000915698875714924,0.915698872603372,"Scenario~6","Chaotic~Effects","X[t-1] %->% Y[t]","DPM","Scenario 6"
"Y3","~","X2",0.103593965025129,0.0637441275811213,1.62515307615269,"model_dpm_free",3,"cross","X[t-1] -> Y[t]",0.100000000339801,0.00359396468532829,3.59396467311597,"Scenario~6","Chaotic~Effects","X[t-1] %->% Y[t]","DPM-free","Scenario 6"
"Y3","~","X2",0.0789166141485764,0.0765637702749143,1.03073051216279,"model_riclpm",3,"cross","X[t-1] -> Y[t]",0.100000000339801,-0.0210833861912243,-21.0833861195828,"Scenario~6","Chaotic~Effects","X[t-1] %->% Y[t]","RICLPM","Scenario 6"
"Y3","~","X2",0.0762766356656546,0.0921440934568811,0.827797342228434,"model_riclpm_free",3,"cross","X[t-1] -> Y[t]",0.100000000339801,-0.0237233646741461,-23.7233645935339,"Scenario~6","Chaotic~Effects","X[t-1] %->% Y[t]","RICLPM-free","Scenario 6"
"Y4","~","X3",0.0999999998802113,0.0667899393077098,1.4972314830157,"model_covariates",4,"cross","X[t-1] -> Y[t]",0.0999999998802113,0,0,"Scenario~6","Chaotic~Effects","X[t-1] %->% Y[t]","True Model","Scenario 6"
"Y4","~","X3",0.145022190345666,0.0452453099185929,3.20524250152326,"model_clpm",4,"cross","X[t-1] -> Y[t]",0.0999999998802113,0.0450221904654548,45.0221905193863,"Scenario~6","Chaotic~Effects","X[t-1] %->% Y[t]","CLPM","Scenario 6"
"Y4","~","X3",0.146674776317062,0.0547429691255939,2.67933542261023,"model_clpm_lag2",4,"cross","X[t-1] -> Y[t]",0.0999999998802113,0.0466747764368504,46.6747764927615,"Scenario~6","Chaotic~Effects","X[t-1] %->% Y[t]","CLPM lag 2","Scenario 6"
"Y4","~","X3",0.122700117870979,0.0568529706906342,2.15820064247218,"model_dpm",4,"cross","X[t-1] -> Y[t]",0.0999999998802113,0.0227001179907673,22.7001180179595,"Scenario~6","Chaotic~Effects","X[t-1] %->% Y[t]","DPM","Scenario 6"
"Y4","~","X3",0.127135874938619,0.0581677254416068,2.18567726300812,"model_dpm_free",4,"cross","X[t-1] -> Y[t]",0.0999999998802113,0.0271358750584075,27.1358750909132,"Scenario~6","Chaotic~Effects","X[t-1] %->% Y[t]","DPM-free","Scenario 6"
"Y4","~","X3",0.126238667043362,0.0722006019950479,1.74844341397625,"model_riclpm",4,"cross","X[t-1] -> Y[t]",0.0999999998802113,0.0262386671631504,26.2386671945813,"Scenario~6","Chaotic~Effects","X[t-1] %->% Y[t]","RICLPM","Scenario 6"
"Y4","~","X3",0.1310618342345,0.0770476189385729,1.70104976688495,"model_riclpm_free",4,"cross","X[t-1] -> Y[t]",0.0999999998802113,0.0310618343542889,31.0618343914975,"Scenario~6","Chaotic~Effects","X[t-1] %->% Y[t]","RICLPM-free","Scenario 6"
"Y5","~","X4",0.0999999998913377,0.0690726425791083,1.44775118132781,"model_covariates",5,"cross","X[t-1] -> Y[t]",0.0999999998913377,0,0,"Scenario~6","Chaotic~Effects","X[t-1] %->% Y[t]","True Model","Scenario 6"
"Y5","~","X4",0.132683575070191,0.0462784218404089,2.86707216438257,"model_clpm",5,"cross","X[t-1] -> Y[t]",0.0999999998913377,0.0326835751788529,32.6835752143677,"Scenario~6","Chaotic~Effects","X[t-1] %->% Y[t]","CLPM","Scenario 6"
"Y5","~","X4",0.130277414931753,0.0548418974679042,2.37550888912983,"model_clpm_lag2",5,"cross","X[t-1] -> Y[t]",0.0999999998913377,0.0302774150404156,30.2774150733158,"Scenario~6","Chaotic~Effects","X[t-1] %->% Y[t]","CLPM lag 2","Scenario 6"
"Y5","~","X4",0.106664409141367,0.0577865347369245,1.84583501376162,"model_dpm",5,"cross","X[t-1] -> Y[t]",0.0999999998913377,0.00666440925002949,6.66440925727119,"Scenario~6","Chaotic~Effects","X[t-1] %->% Y[t]","DPM","Scenario 6"
"Y5","~","X4",0.114275293623011,0.0547801742842947,2.08607028210521,"model_dpm_free",5,"cross","X[t-1] -> Y[t]",0.0999999998913377,0.0142752937316737,14.2752937471855,"Scenario~6","Chaotic~Effects","X[t-1] %->% Y[t]","DPM-free","Scenario 6"
"Y5","~","X4",0.112696443004933,0.0723101034211619,1.55851585978996,"model_riclpm",5,"cross","X[t-1] -> Y[t]",0.0999999998913377,0.0126964431135956,12.6964431273918,"Scenario~6","Chaotic~Effects","X[t-1] %->% Y[t]","RICLPM","Scenario 6"
"Y5","~","X4",0.122091801290315,0.0724160261646975,1.68597764550955,"model_riclpm_free",5,"cross","X[t-1] -> Y[t]",0.0999999998913377,0.0220918013989768,22.0918014229823,"Scenario~6","Chaotic~Effects","X[t-1] %->% Y[t]","RICLPM-free","Scenario 6"
